horse_name,id
Beat zenész,1
Better Times,2
Apple Bloome,3
Danilo,4
Igricz,5
Schneiderfáni,6
Vampire,7
Melior,8
Daisy-Dee,9
Rambo,10
Kármentő,11
Melinte,12
Buss Kate,13
Floramour,14
Gergő,15
Bratis,16
Ohio,17
Arab herceg,18
Magduska,19
Babsy,20
Álomtündér,21
Alphio,22
Rolling Stone,23
Persona Grata,24
Frühlingsbote (GER),25
Lady Wood,26
Vajk (GB),27
Mrs.Meli,28
Vagabund,29
Mosolygós,30
Nőfaló,31
Formás,32
Night life,33
Ingatag,34
Murderer,35
Fru-Fru,36
Díszes,37
Terrorista,38
Zafira,39
Kulcskirály,40
Tornya,41
Hamupipőke,42
Megmondtam,43
Ninive,44
Kiskulcs,45
Alfalfa,46
Elite Rheinberg (GER),47
Fürge,48
Ozora,49
March Spring,50
Arktisz,51
Dreamwaver (USA),52
Nuovo,53
Amazon lány,54
Magor,55
Melody,56
Brandice,57
Lucia,58
Samantha,59
K.G.B.,60
Tűhegy (fv),61
Bartolomeo,62
T.N.T.,63
Karrier,64
Szemérmetlen,65
Apple Pie,66
Gerberás,67
Oklahoma,68
Simeoni,69
Kastorp,70
Sajó,71
Aluna,72
Antik,73
Apáti,74
Jolly Girl,75
Tomy Boy,76
Polly Dixon,77
Primőr,78
Varázskeringő (GB),79
Fay-Eye,80
Amigos,81
Brian,82
Arábia,83
Tábornok,84
Vidák,85
Westwind,86
Szeparé (IRE),87
Star filly,88
Muléta,89
Sylva,90
Ikarus,91
Yoga,92
Gusty Boy,93
Maszlag,94
Dream Creek,95
Boba,96
Sprintkirálynő,97
Covey Go!,98
Théta,99
Marica Grófnő,100
Mirella Freni,101
Domonkos,102
Hódmező,103
Dotty,104
Pink Panther,105
Zarzion (fv) (SVN),106
Celtic,107
Szakértő,108
Iffezheim,109
Quickly,110
Maya Princess,111
Portorose,112
Bravery,113
Belle Flower,114
Rivot,115
Prometheus,116
Kackiás,117
Mortisha,118
Alfredo,119
Batu kán (GB),120
Mihály,121
Pán herceg,122
Rakéta,123
Gallon,124
Tracy,125
Agia Sophia,126
Elbűvölő,127
Taszilo,128
Tromf (IRE),129
Erdőkerülő,130
Trinity,131
Colour,132
Sweety,133
Csendes éj (GB),134
Napéj,135
Moszad,136
Téli rózsa,137
Dél,138
Róma szépe (GB),139
Asparagus,140
Dolina,141
Tonbinszky,142
Lady Lilly,143
My Musette,144
Celerina,145
Mágus,146
Jupiter,147
Ruscus (IRE),148
Cool Power (POL),149
Komorotti,150
Maraques,151
Mariner (POL),152
Whiskis,153
Mabruk,154
Yellowstone,155
Au !,156
Milestone,157
Kamillavirág,158
John Groom,159
Lovely Black,160
Maryland,161
Gólya,162
Playboy,163
Baccardi,164
Trust Me,165
Rinaldini,166
Melinda öccse,167
Melrose,168
Castellaro,169
Panama Lady,170
Trokadero,171
Mexikanerin,172
Blue Diamond,173
Kongo,174
Garnéla,175
Krim's King (SVN),176
Junge König,177
Mission,178
Lady Sophie,179
Demian,180
Diamond of Rose,181
Akito,182
Kegyúr,183
Póker,184
Dancing Jolly,185
Vadorzó (GB),186
Minesota,187
Rubin,188
Mirjam,189
Tiroli lány,190
Muszuly,191
Vili Boy,192
Rab-ló,193
Roxika,194
Roff,195
Romy Khan,196
Generalin,197
Lilith,198
Oké,199
Marina,200
Silver Star,201
Cinkostárs,202
Legény,203
Rézbőrű,204
Tostao,205
Kavalkád,206
Tunézia,207
Nifty Fifty (POL),208
Amason Girl,209
Arabian Day,210
Gránic,211
Grabetta,212
Iluskám,213
Illúzió,214
Pákozd,215
Warn Us ! (GB),216
Novicia,217
Slender Girl,218
Mongomery,219
Rézpatkó (IRE),220
Tűzvarázsló,221
Black Rose,222
Woody Bathwick (IRE),223
Lenke,224
Kabaré,225
Avocado,226
Donna Honora (GB),227
Móric,228
Gróf úr,229
Vénusz virág,230
Szerafin,231
Tűzcsóva (GB),232
Casablanca,233
Filip,234
Donatesso (POL),235
Tip Topper (GB),236
April's Dream,237
Segnorita Clara (IRE),238
Lady le Mans (GB),239
Pretty Princ,240
Lidohill (GB),241
Rodrigo,242
Aratrum,243
Narancsvirág,244
Alexander,245
Premier,246
Óceánia,247
Travel,248
Manillia,249
Obszidián,250
Galloway,251
Valenska Grófnő,252
Dirty Dancing,253
Miss Beatrix,254
King's Honor (GER),255
Ria-ria,256
Road Runner,257
Abu Szimbel,258
Nisi,259
Davidoff,260
Panama's Boy,261
Riky,262
The Creole (GB),263
Babarózsa,264
Darimah,265
Ali Boy,266
Pennsylvania,267
Pretty Gold,268
Matou (GER),269
Csanád (fv),270
Virtuális,271
Glória,272
Csinszka (fv),273
Arányos,274
Rodolfo,275
Shaddad,276
Miecislaw,277
Super Light,278
Vilma,279
Pacific Silver,280
Fly Action,281
Talabér,282
Lady Orsi,283
Lovely Luro,284
Lankadatlan,285
Remike,286
Terakotta,287
Marcona (IRE),288
Inxs,289
Kalcedon,290
Kegyelem,291
Préri Mary,292
Gyarló,293
Ringló,294
Bettle,295
Paloma,296
Hedera Helix,297
Sagasta (JPN),298
Api,299
Wiluna (GER),300
Hercegnő,301
Muzsikaszó (GB),302
Nusskönig (AUT),303
Shakira Mia (GER),304
My Aqua,305
Eliza,306
Genesis,307
Djambala (GER),308
Dux,309
Primadonna,310
Brown Love,311
Románcz,312
Mozart,313
Loriot,314
Nyomkereső,315
Babar,316
Aperol,317
Trubadur,318
Leticia,319
Nimalbir,320
Vadvirág,321
Abbey,322
Musical Dream,323
Kästner (GER),324
Becse,325
Naomi,326
Axa Steal,327
Secret,328
Gazsi,329
Tv Star,330
Madam M. (GB),331
Gézengáz,332
Monark,333
Miss Marilyn,334
Borbolya,335
Keveháza,336
Mokányfi,337
Pragmatika,338
April's Star,339
Little Gambler,340
My Angol,341
Pick Me,342
Remini,343
Más-kép,344
Gólyafi,345
Faraway Forest,346
Ravel,347
Nefrit,348
Bíboros,349
Angelika,350
Franciska,351
Barrucada,352
Piton,353
La Luna,354
Appaloosa,355
Kurszan Kündü,356
Yasper,357
Charmante Lady,358
Wulfila,359
Méz,360
Deficit,361
Oprah,362
Mediterrán,363
Rétivirág,364
Mystic Mission,365
Nippon Boy (JPN),366
Morphea,367
Nincsen,368
Galtonia,369
Napsugár,370
Kripton,371
Mercédesz,372
Gerti,373
Direktiva,374
Lissy,375
Jolly Joker,376
Grenadine,377
Szaracén,378
Lord Hungary,379
Buzogány (IRE),380
Waomi (GER),381
Tüsténkedő,382
Gagarinka,383
Lady Bird F.,384
Margaret,385
Kulcslyuk,386
Mostohám,387
Dakato (GER),388
Caravaggio (AUT),389
Marian (POL),390
Prédikátor,391
American Fire (GER),392
Soliter (GER),393
Tribal Instinct (IRE),394
Kifaab (CZE),395
Morning Sun (AUT),396
Dandolo (POL),397
Satylla (SLO),398
Quite Regal (IRE),399
Phantom Turtle (IRE),400
Tim (POL),401
Gotyk (POL),402
Merry Dance (GB),403
Clarion (GB),404
Morning Pride (GER),405
San Roque (GER),406
Tytus (POL),407
Zagon (POL),408
Poderoso (GER),409
Tantra (POL),410
Namgay (SLO),411
Conan (AUT),412
Sheik Dancer (USA),413
Ghost (fv),414
Pacsmag,415
Minelli,416
Vitorlás,417
Mc Lapi,418
Távirat,419
Árva kölyök,420
Génbank,421
Mormota (GB),422
Dálnok,423
Gold and money,424
Lord of Love (GER),425
Royal Flush,426
Triolína,427
Tobaj,428
Mellino (GB),429
Brokát,430
Tamir (GER),431
Kalimba,432
Szerpentina,433
Vitalij,434
Moonlight Boy,435
Balu,436
Couplet (GB),437
Ttoto,438
Dredd-bíró,439
Blondel,440
Brahy (USA),441
Zöldhullám,442
Reménysugár,443
Crocus,444
Ratalmo (GER),445
Hidegvér (GER),446
Belfegor,447
Rokonszenves,448
Mesehős,449
Perfect Distance (USA),450
Quoth (POL),451
Herman (POL),452
Mc Mester,453
Sonnenkind,454
Kivi (GB),455
Kék Hawai,456
Ede,457
Baraboly,458
Nolto,459
Et Cetera (CZE),460
Ata,461
Barátosném,462
Furmint,463
Lourdes,464
Nesztelen,465
Veszedelem,466
Lucky Boy,467
Falurossza (GB),468
Euphorbia,469
Rumcajsz,470
Aranyfürt,471
Fire of Hell,472
Gwen (GER),473
Parisfleur (GER),474
Ormányos,475
Pokolbár,476
Sárkányfog (GB),477
Billog,478
Lord of Báránd,479
Vitality,480
Töviske,481
Hópehely,482
Ív,483
Kommelin,484
Cohn Roy,485
Meteo,486
Nadragulya,487
Versengő,488
Rohanó patak,489
Baldur,490
Becherovka,491
Tárnics,492
Pin Up (CZE),493
Sissi von Alag (GER),494
Korridor,495
Lady Quickstep,496
Bombázó,497
Vidin,498
Polydor,499
Vanessza,500
Életfa,501
Narvál,502
President,503
Rézvirág,504
Látonya,505
Bukméker,506
Bazsarózsa (GB),507
Sugar Lady,508
Nikita,509
Pattogó tűz,510
Abisinca,511
Kompetens,512
Tálaló,513
Bendegúz,514
Ivory Moons,515
Mihalik úr,516
Vízió,517
Koronafürt,518
Gera,519
My Cream,520
Revidia,521
Áldott,522
Vidora,523
Kulcsár,524
Tranquila (GER),525
Tanulság,526
Kákatő,527
Gombolyag,528
Danubia,529
Villosa,530
Rolonda,531
Estemona (GER),532
Wilandra (GER),533
Colne Luro,534
Detoxa,535
Run of Luck,536
Mekényes,537
Varázscsengő,538
Mancika,539
Városbíró (IRE),540
Politikus,541
Megyefa,542
Romba,543
Lizinka,544
Borágó,545
Atanázia,546
Becájda,547
Santoro (GER),548
Aranyzab,549
Duci Juci,550
Frankly Dancing,551
Niagara,552
Ciklon,553
Bluette,554
Agáma,555
Napernyő,556
Waltraut,557
Sárkányölő,558
Főispán (IRE),559
Royal Audry,560
Arábia hercege,561
Lakmé,562
Tornádó,563
Napfivér,564
Gina Maxi (GER),565
Reborn,566
Ramosa,567
Anyátlan,568
Kalinca,569
Tündérfátyol,570
Maffia,571
Dobó Katica,572
Millennium,573
Hunter,574
Merido,575
Trident,576
Event Prince (IRE),577
Lietava (SLO),578
A' Capella,579
Gyöngyajak,580
Berzenke,581
Villámgyors,582
Femina,583
Szemérmes,584
Las Vegas,585
En Passant (IRE),586
Miss Joice (GER),587
Oteno (GER),588
Brumaire (IRE),589
Cedra,590
Sűrű felhő,591
Blende,592
Reprint (POL),593
Harasar (GER),594
Hanta,595
Ravenna,596
Hod Eleagnus,597
Roxolina (GER),598
Mina Alsalaam (GB),599
Harry,600
Pretty King,601
Alabardos (GER),602
Milike,603
Tufa,604
Galvanise (USA),605
Esrar (IRE),606
Monszun,607
Boglárka,608
Aranysas (GB),609
Sarila,610
Albion,611
Sármos,612
Rusty,613
Kék gyöngy,614
Indián fia,615
Fantasy Flyer,616
Your Champion,617
Asta La Luce (GER),618
Pesztonka,619
My Joe,620
Bellalko (GER),621
Sunny Vale,622
Hajnalcsillag,623
Clever Girl (GER),624
Trombitás Frédi,625
Ragazza Nera,626
Irmus,627
Méhkirálynő,628
Mister Bond,629
Lady El Gran,630
Magambo (GER),631
Nábob,632
Liszkay,633
Rafhum,634
Cikázó,635
Fantastic Girl,636
Búzamező (GB),637
Nashira,638
Kalifátus,639
Májmoha,640
Kleiner Adler (GER),641
Skorpió,642
Rosenblatt (GER),643
Hassaleh,644
Kisherceg,645
Miracle,646
Ági lánya,647
Ribi Manó,648
Tündérfény,649
Kiara,650
Tücsköm Bogaram,651
Vécse,652
Revidium,653
Láthatatlan,654
Remekség,655
Satin Speed,656
Cross Word,657
Travis (GER),658
Layla Molinari (GER),659
Kalcit,660
Pampalini,661
Nápoly,662
Be my Majestic,663
Aranypengő,664
Nátrium,665
Meglepő,666
Tarbagataj,667
Gaius,668
Parázs,669
Allonya (GER),670
Ave Maria,671
Jolly Good,672
Clara,673
Arany-patak,674
Virázs,675
Anakron,676
Bogi (fv),677
Antartka,678
Megasztár,679
Mesemanó,680
Ginkgo Biloba,681
Helenium,682
Londa,683
Kincskeringő,684
Tóbanjáró,685
Pók,686
La Diva,687
Limbach (SLO),688
Tűzliliom,689
Crazy Law,690
Parázs-ló,691
Petersburg,692
Pamina,693
Freddik-Rugger,694
Dubai Tower (USA),695
Pudr (CZE),696
Ketty Sharp (CZE),697
Vadual (SLO),698
Thunder Groom (GER),699
Star Fury,700
Dollár Maker,701
Baffini,702
Hod Angelina,703
Írástudó (GB),704
Koronita,705
Early Grey,706
Saratoga,707
Kisbojtár,708
Aloe,709
Mikeás,710
Nox,711
Oase (GER),712
Aranysárga,713
Szultán (IRE),714
Álomarcú lány,715
Gorgán,716
Ármina,717
April Fanatic,718
Mile,719
Bonus,720
Ilang-Gilang,721
Santos,722
Tícia,723
Kalevala,724
Vakáció (GER),725
Donatella,726
Becsület,727
Don Luro,728
Anna-Panna,729
Relly,730
Duduska,731
Moneyrain,732
Kilian (GER),733
Mindentudó,734
Ózon,735
Rónaság,736
Kormányos,737
Otília,738
Izzy Speed,739
Black Luro,740
Trinetta,741
Leopold,742
Hegyikristály,743
Gaillardia,744
Don't Loose (GER),745
Nice (GER),746
Formenta (GB),747
Achilles (GER),748
Mystica (GER),749
Bonaqua (GER),750
Iszalag,751
Rögeszme,752
Kékcsúcs,753
Out Loud (GB),754
Indigo Blue (GER),755
Private Prestige,756
Aranyapám,757
Netty,758
Flying Tornado (GER),759
Remekem,760
Imperator,761
Silverstone,762
Titan,763
Mehraab (IRE),764
Crimson (IRE),765
Paradise Arrogance (GER),766
Artemisz,767
Deyaree (IRE),768
Song Sparrow (GB),769
Krim's Princese (SVN),770
Kokárdavirág,771
Romeo,772
Bonjour Bachus,773
Alonzó,774
Thalestria,775
Ramadán,776
Vilaris (SLO),777
Büntető (fv),778
Lady Shee (SLO),779
Queen's Night (IRE),780
Sarkifény,781
Ce Gile (GB),782
The Moon And Back (USA),783
Cassa Dante (SLO),784
Dan Pierre (SLO),785
Giuliano Bih (IRE),786
Dynamite Blond (GB),787
Verus,788
Savanah (SLO),789
Avanti,790
Slovak Dancer (SLO),791
Aymara,792
Tom Mix,793
Magabiztos,794
Robinson Crusoe,795
Timót,796
Indián nyár (GB),797
Viva,798
King Luro,799
Sirokkó,800
Liliomfi,801
Should I Win,802
Napfogyatkozás,803
Csodálatos (fv),804
Oriental River (GER),805
Cherish (GB),806
Lyrida,807
Operabál,808
Touch me,809
Bájital,810
Naveen,811
Gondola,812
Lamborgini,813
Aragon,814
Samirza,815
Ghotic Verse,816
Badger's Baby,817
Ticius,818
Rospector,819
Rubinia,820
Floryda (POL),821
Feltwell,822
Don Juan,823
Benicia,824
Royal Honor (GER),825
Nuance,826
Pamatka,827
Des Grieux (IRE),828
Saldenzar (GER),829
Santina,830
Gályarab,831
Mirani,832
Boborján (fv),833
I have a dream (GER),834
Dark Raven,835
Petriot (SVN),836
Malibu (POL),837
Lelio (IRE),838
Revance,839
Kósza szél,840
Mary Rose,841
Lopakodó,842
Nexus,843
Triviális,844
Wanesa (SLO),845
Constantino (FR),846
Bright Sun,847
Szamuráj,848
Celesta,849
Xinran (USA),850
Ippon,851
Amond (GER),852
Kokain,853
Stamena (GER),854
Tennessee Star (GER),855
Key Duble,856
Bólé,857
Paramour,858
Odds,859
Panacea,860
Lezser,861
Tangó,862
Teo-Dorka,863
Afro Szépség,864
Amoros,865
Tanger (POL),866
Marcipán,867
Twilight Sun,868
King of Hungary (USA),869
Kesző,870
Maresca,871
Cobra,872
Coffein,873
Albarán,874
Best Silver (GER),875
Nemulass,876
Larinero,877
Mestermű,878
Rohanj !,879
Sunny Girl,880
Palm Sunday,881
Semiramis,882
Tűzopál,883
Macskajaj,884
Moqueur,885
Professor,886
Diablo,887
M. Junior,888
Melodráma,889
Credo,890
Mirtuszlány,891
Kinecia (GER),892
Larissa,893
Tilduska,894
Tiara (fv),895
Malőr,896
Apple Luro,897
Marry Groom,898
Piruett,899
Csibészke,900
Amerika,901
Mary Lou,902
Olympic Ways,903
Fétis,904
Művész Úr,905
Revizor,906
Törökrózsa,907
Mixi,908
God Gift,909
Remegés,910
Subám,911
Burkus király,912
Bengáli Tűz,913
Narkán,914
Koronás,915
Bavaria,916
Lovag,917
Tricky,918
Zafarilla (IRE),919
Tallér (IRE),920
Adaf,921
Kincstárnok,922
Classic Siren (IRE),923
North River (GB),924
Kopja (GB),925
Outclass (GER),926
Trója,927
Lombhullás (IRE),928
Young Ambition,929
Pikk Dáma (IRE),930
Larry,931
Csí (fv),932
Proud (GB),933
Magic Cat,934
Zermatt,935
Classic Joe,936
Reem Al Fallah (IRE),937
Alcatraz,938
Rubel,939
Atheneum (IRE),940
Baheejay (GER),941
Kispajtás,942
Barbarossa,943
Apály,944
Futár,945
Silver Bolt (IRE),946
Okker,947
Komámasszony,948
Szavanna,949
Nama,950
Panama Man,951
Hobó,952
Spiral Dance,953
Héra,954
Lagoon,955
Alhaitham (USA),956
Bugenwillea,957
Early (GER),958
Direct Play (GB),959
Próféta,960
Vincenzo,961
Raging Success,962
Palo Verde (GB),963
Orange Lady (IRE),964
Over Play (GER),965
Sajus (GER),966
Salvatore,967
Amokka,968
Shanidar (GER),969
Kartal,970
Marry Son,971
Rose Boy,972
Tinca (POL),973
City Hall (GER),974
Sarnia (IRE),975
Bella Colora,976
Krisztallit,977
Hermes,978
Amethyst (CZE),979
Kiskalandor,980
Overdose (GB),981
Femme Fatale (POL),982
Vitulus (GER),983
Mirha,984
Alap,985
Cégér,986
Versfaragó (GB),987
Diades (POL),988
Tiszató,989
Tétény,990
Break Lady,991
Kamaftu,992
Amneris (GER),993
Karandzer (POL),994
Orinoco flow (GER),995
Ad memoriam (GER),996
Elan (GER),997
Vincent,998
Spinning Crystal (IRE),999
Baia Mare (POL),1000
Rumina,1001
Lafayette,1002
Káplár,1003
Lisbonne,1004
Merész,1005
Super Blade (GER),1006
Winnow,1007
Freshman (GER),1008
Argonauta,1009
Lauda,1010
Trajan (POL),1011
Sunny Sam (GER),1012
Napfény,1013
Maja,1014
Maskarpone,1015
Mi legyen ?,1016
Charriot (CZE),1017
Sakkara (POL),1018
Casa Cameron (SLO),1019
Gatwick (GER),1020
Nesztor,1021
Nazim (GER),1022
Patent,1023
Fejedelem,1024
Préry Farkas,1025
Sziporka,1026
Nautilus,1027
Gárdista (GER),1028
Aranyláz,1029
Liberty Lady,1030
My Way,1031
Sárgabarack,1032
Monday,1033
Getaway (GB),1034
Mariage (GER),1035
Bel Amy,1036
Morgana,1037
Ivanhoe (GB),1038
Gábli,1039
Tűzvihar,1040
Oxána,1041
Chairman (SLO),1042
Lear király,1043
Dalama (POL),1044
Hősnő,1045
Csajhos,1046
Kaiba (POL),1047
Belle Lady,1048
Ryan (IRE),1049
Mózes Groom,1050
Galéria,1051
Tem (IRE),1052
Makkász,1053
Bumeráng,1054
Tracus (RUM),1055
Vincent (RUM),1056
Namid (RUM),1057
Vanda Ta (RUM),1058
Tanavera (POL),1059
Grand Morn,1060
Gilda,1061
Sky The Nonsense (IRE),1062
Possibellino (GB),1063
Bagera (POL),1064
Kahira (POL),1065
Urban Lady (GB),1066
Referendum,1067
Napfelkelte,1068
Melody Girl,1069
Siena,1070
Prince Arrogance (GER),1071
Görögtűz,1072
Miss Cheryl,1073
Karakül,1074
Jarabacoa (POL),1075
Nefertiti (POL),1076
Profit,1077
Raviola,1078
Königin,1079
Anteos (GB),1080
Sonja Girl,1081
Bajladora,1082
Love Boy,1083
Kolorádó,1084
Gesztor,1085
Amfetamin (IRE),1086
Tűzkígyó (GB),1087
Alara,1088
Csokoládé (fv),1089
Osborne,1090
Boszorka,1091
Akida,1092
That's Me (GER),1093
Wiro-Dzserix,1094
Meg ne állj !,1095
Should I Stay,1096
Fenomenális (IRE),1097
Balett of DL,1098
Steady As A Rock (FR),1099
Cool Girl (IRE),1100
Prometheus (GER),1101
Thunder Light,1102
Krónikás,1103
Mildred,1104
My Statement (GB),1105
Lady Kata,1106
Vijdan (GB),1107
Passion,1108
Suitcase Susie (IRE),1109
Aragorn,1110
Kona (GER),1111
Dunai Szél,1112
Adeje (IRE),1113
Tracjusz (POL),1114
Angel,1115
Látomás,1116
Cold Player (SLO),1117
Singer Of Songs (IRE),1118
Mythical Fosroc (USA),1119
Gemstone Lass (FR),1120
Saint Elmos Fire (SLO),1121
Prince of Ascot (FR),1122
Korzikin (SLO),1123
Xi (USA),1124
Grand Csarló,1125
Lord Benjamin (USA),1126
Wicasso (GER),1127
Afrodité,1128
National Nice,1129
Átütő,1130
Taksony,1131
Chanel,1132
Money,1133
Tunic (GB),1134
Alonzo's Day,1135
Tasweeb (USA),1136
Morasco,1137
Piedone,1138
Mohikán,1139
Vanity Fong (GB),1140
Shila,1141
Igazgatónő,1142
Wiro-Dzser,1143
Octopussy,1144
Volbura (RUM),1145
Selena (RUM),1146
Night Castle (GER),1147
Il Paladio (FR),1148
Mana (RUM),1149
Pepperous (GER),1150
Tiffany (SLO),1151
Tinki Boy (SLO),1152
Dunk Shot (USA),1153
Naraan,1154
Flying Diva,1155
Glance,1156
Bella Bettina (POL),1157
Tempeltänzer (GER),1158
To The Dance (IRE),1159
Zenga,1160
National Face,1161
Princ Dancer (GB),1162
Látnok,1163
Night for Music,1164
Katrina Bee (IRE),1165
Kalinda,1166
Tisana (GB),1167
Namgay (IRE),1168
Gamma,1169
Quity (IRE),1170
Barren,1171
Art Collector (USA),1172
Catchoftheday (AUT),1173
Monty (SLO),1174
Illiana (GER),1175
Fagaras (GER),1176
Limoncello (GER),1177
King of Queens (GER),1178
Califa,1179
Filou Prize (GER),1180
Hód Komédiás,1181
April's Music,1182
Neardown Knight (GB),1183
Sasfiók (GER),1184
Irish Edge (GB),1185
Panama's Live,1186
Korrekt,1187
Kolja (SLO),1188
Classic King,1189
Megértő,1190
Anzola (GER),1191
La Louisiana (GER),1192
Rivollina (GER),1193
Early Sun,1194
Bahamian Devil (GER),1195
Classic Spirit (GER),1196
Cat Woman (GER),1197
Father's Dream (IRE),1198
Sack (GB),1199
Dr Guru (GB),1200
Pató Pál Úr,1201
Betolakodó,1202
Nándika,1203
Rocker,1204
Monte Cristo,1205
Tarsoly,1206
Flo's Dancer (GB),1207
Eminens,1208
Maribor (GER),1209
Lagonda (GER),1210
Piramis,1211
Golden Gate,1212
Álmok színháza,1213
Diamonds,1214
Denebola,1215
Ellangelista (GB),1216
Merbela (CZE),1217
Vitis,1218
Veronika,1219
Példakép,1220
Chuck,1221
Taintless,1222
Corona Laden,1223
Prominens,1224
Angela (SWE),1225
Gramatik (CZE),1226
Magic Lightning (GER),1227
Jareda (POL),1228
Tasman (fv),1229
Maiko,1230
Fortaleza (GER),1231
Proud Boris (GER),1232
Italian Stallion (IRE),1233
Bájos,1234
Noble Groom (GER),1235
Talariva,1236
Briliáns (GB),1237
Golden Sun (fv),1238
Charisma,1239
Martialon (FR),1240
Black Stone,1241
Taipei (GER),1242
Star King,1243
Diamond Rila,1244
Mezzanine (GER),1245
Taliasin (GER),1246
Rágalom,1247
Solstice Malta (FR),1248
Teuton,1249
Bluff (FR),1250
Miss Double Six (GB),1251
Backgammon (GER),1252
Kisbíró,1253
Racer (GER),1254
Rezidens,1255
Slovak Gold (SLO),1256
Colorado Kid (USA),1257
D' mon (GB),1258
Monbardo (GER),1259
Natalis,1260
Kőrózsa,1261
Taktyk (GB),1262
Mambo Dancer,1263
Testamentum,1264
Iowa,1265
Gordius,1266
Franko,1267
Brill,1268
Daragusa,1269
Gintonic,1270
Great Bear,1271
Tyrannus,1272
Upperhand (FR),1273
Garabonciás (GER),1274
Grafit,1275
Alter Drache (GER),1276
Brazilian Colour (GER),1277
Atyafi (GB),1278
Admirális (GER),1279
Cash Game,1280
Douxelia (FR),1281
Redattoria (SLO),1282
Szkipetár,1283
Virgonc,1284
Dancing Queen,1285
Master Chief (USA),1286
Czarci Jar (POL),1287
Bye Angel (GER),1288
Dares (IRE),1289
Valer (CZE),1290
Sarpedon (GER),1291
Tellesteem (GB),1292
Alitago Directa (GER),1293
Luigi de Longo,1294
Nucleus (GER),1295
Titikatte (GB),1296
Syrius,1297
Autini (GER),1298
Zengős,1299
Szfinx,1300
Windsor (FR),1301
Kortei (SLO),1302
Csillaghullás (fv),1303
Lakaluoma (IRE),1304
Mister Co (FR),1305
Elegant Devil (GER),1306
Diamond Power (POL),1307
Kamikadze (POL),1308
Invited,1309
Panni,1310
Beatles,1311
Czakram (POL),1312
Latin,1313
Cortession (POL),1314
Dambulla (POL),1315
Kalsha (IRE),1316
Beaugacity (FR),1317
Bastet,1318
Quai Brany (FR),1319
Mordor,1320
Miss Juliette,1321
International (GER),1322
Prince Dragonheart (GER),1323
Nighdire,1324
Gossamer Gotti,1325
Black Zephyr,1326
Patrisha,1327
Brisbaine,1328
Szolgabíró,1329
Dusty's Lad (GB),1330
Pöttyös Panna (GB),1331
Minerva,1332
Rayvin Mad (IRE),1333
General Ludd (IRE),1334
Bodza,1335
Katonás,1336
Nabucco,1337
Rivaldafény,1338
Just Winning (GB),1339
Áldomás,1340
Aspen,1341
Csatadal,1342
Tita,1343
Viva Venus,1344
Mandragóra,1345
Boheme Wango (FR),1346
Lord Darsy,1347
Gunturion (USA),1348
Rendes,1349
Tuareg,1350
Water's Stone,1351
Mr Dario (IRE),1352
Dethrone (GER),1353
Rose Tiger (GER),1354
The Storm (GER),1355
Csaroda (GB),1356
Gólyabál,1357
Opera (GER),1358
King of Abas (GER),1359
Sheitan (SLO),1360
Lady Shaddad,1361
Orianto (GER),1362
Ypsilon King (GB),1363
Merlo,1364
Bellucia (GER),1365
Kasszandra,1366
Dolmány,1367
Syriana (GER),1368
Pirula,1369
Granit (SLO),1370
Banko (GER),1371
Kreccs,1372
Hadúr (GB),1373
Viharfelhő,1374
Monster,1375
Cinike,1376
Tigrou de L'Isop (FR),1377
Svejk,1378
Sudár,1379
Balbus,1380
Cake Of Luck (IRE),1381
Euridika (IRE),1382
Csák Máté,1383
Ultra Lady (GB),1384
Maxima,1385
Perzsa,1386
Banzaj (POL),1387
Home Sweet Home (GER),1388
Midalgo (GER),1389
Jezsuita (GER),1390
Rossano (GER),1391
Murano (GER),1392
Unico (FR),1393
Moliere,1394
Kagán,1395
Vollmondnacht (GER),1396
Ramil Ai (SLO),1397
Statica,1398
Szamóca (GB),1399
Tipofi,1400
Mecénás,1401
Luciano,1402
Berengár,1403
Dolphin Barn (GER),1404
Katyusa,1405
Gotovina,1406
Electric Blue (CZE),1407
Cemberlitas (FR),1408
Helios,1409
Almarita (IRE),1410
Moréna,1411
Radikális,1412
Brand Star,1413
Lizzy,1414
Windflower,1415
Minta,1416
Rosen Rot (IRE),1417
Zadar,1418
Mr. Colost,1419
Amy,1420
Nosza,1421
Dzsamil,1422
Ben Hur,1423
Redwals (GB),1424
Bay City Roller (SLO),1425
Csillagmező,1426
Bombajó (GB),1427
Stewart,1428
Corona Bin,1429
Ámulat,1430
Aula,1431
Sorenta (IRE),1432
Badguy (IRE),1433
Letty (GB),1434
Black Bryont,1435
Praire Hill,1436
Whiterose,1437
Szipirtyó,1438
Spirit,1439
Blanche,1440
Rachel,1441
Pius (GER),1442
Álmos (GB),1443
Merkució,1444
All About Sam (GER),1445
Kim Possible (GER),1446
Apple Stone,1447
Titok (GER),1448
Art Preview (USA),1449
Pirog,1450
Tishko (FR),1451
Spartacus,1452
Tischa,1453
Meredis,1454
Vanity Queen (FR),1455
Agapé,1456
Okosság,1457
Internet,1458
Mc Mahon,1459
Lamour Rosa,1460
Mister Bin,1461
Rézkígyó,1462
Tia,1463
Jet,1464
Love Craft (IRE),1465
Kékestető,1466
Nidora,1467
Mc Laren,1468
Lovinac (CRO),1469
Joy Of The Win (POL),1470
Ideo (GER),1471
Le Songeur (FR),1472
Dicsőség,1473
Szélforgó,1474
Kavala (IRE),1475
Askja (IRE),1476
Klim Runner,1477
Csipke,1478
Tenkes Kapitánya,1479
Rosabella,1480
Irmike,1481
France,1482
Figurázó,1483
Fáradhatatlan,1484
Natália,1485
Snow Bridge (FR),1486
Tutanhamon (GB),1487
Báró,1488
Bojtorján,1489
Mementó,1490
Jaris (IRE),1491
Pigment (CZE),1492
Zara,1493
Saus und Prid (GER),1494
Great Oaks,1495
Magic Smile (IRE),1496
Kayan (GER),1497
Nemzeti Összefogás,1498
New Maltinetto (POL),1499
Missouri,1500
Ksiezna Sussex (POL),1501
Vaniglia (CZE),1502
Marion (SLO),1503
Star's Song (GER),1504
Vidocq,1505
Meglepi,1506
Unbreakable (GER),1507
Sting In Her Tail (IRE),1508
Guallatiri (GB),1509
Queen Barbara (IRE),1510
Holdfény (GER),1511
Land Rover,1512
Chimborasso (IRE),1513
Man O'Ways,1514
Eloise (GB),1515
Fanbuddytastic (GB),1516
Midnight,1517
Mac Wolf (GB),1518
Double Piccolo (GER),1519
Mon Amie (AUT),1520
Swing,1521
Csaba királyfi,1522
Emperor's Stride (GB),1523
Attestation (GB),1524
Makaam (USA),1525
Mick Titho (FR),1526
Helikon (FR),1527
Okawango (GER),1528
Aranyeső,1529
Lendület,1530
Indian Tonic (IRE),1531
Mutaraakim (GB),1532
Storm Reel (FR),1533
Rendezvous (IRE),1534
Glory Hill (SVK),1535
Kevios (IRE),1536
Choir Solo (GB),1537
Palmilla (IRE),1538
Auenwüste (GER),1539
Egyetlen,1540
Orfeum,1541
Jazz Police (GB),1542
Rushworth (GB),1543
Cool Marble (IRE),1544
Art Excellence (GB),1545
Kordero Rezzar (SRB),1546
Devil,1547
Chica Bella (GER),1548
Aramis,1549
Guba,1550
Eliza Griffith (IRE),1551
Golden Baby,1552
One Carpatty Cat (IRE),1553
Mahiki (GB),1554
Indian Spirit (GER),1555
Dear Mr Fantasy (IRE),1556
Hollókő,1557
Gandalf,1558
Zylan,1559
Poker Face,1560
National Gold,1561
Armagedon Fire (GB),1562
Turulmadár,1563
Kristály Éjszaka,1564
Tantarella (POL),1565
Phantom Empire (GB),1566
Leonor (FR),1567
Danestar (GER),1568
The Artful Dealer (GB),1569
Ballagó,1570
Banyalbufar (FR),1571
Amira,1572
Amidala,1573
Pray From Heaven (IRE),1574
Springing Baroness (GB),1575
Corona Osama,1576
Lucky-Penny,1577
Szélvihar (GB),1578
Titulaire (FR),1579
Pacino Mo (FR),1580
Helina,1581
Boschka (SLO),1582
Azraq (IRE),1583
Konigin Kali (IRE),1584
Shamal Sally (USA),1585
Peer Cooper (GB),1586
Dr Gile (GB),1587
Dancing Hussy (GB),1588
Lacis Whip (GB),1589
Mary Poppins,1590
Le Burzsuj,1591
Dajkamese,1592
Destiny's Colt,1593
Reni,1594
Dárdahegy (GER),1595
Mizantróp,1596
Ost Star (GER),1597
Raissoneta (CZE),1598
Paola Princess (GER),1599
Fiery Wing (GER),1600
Falcon Wing (IRE),1601
Indy Jones (GER),1602
Ligoletto (CZE),1603
Blushing Girl (GB),1604
Lady Darlene,1605
Jollity (POL),1606
Saida (SVK),1607
Belle Messagere (FR),1608
Jaszuna (POL),1609
Nordika,1610
Vadméz,1611
Pusta (GER),1612
Mc Mary,1613
Frühlingswind (GER),1614
Masterpiece,1615
Carpatty Queen (GB),1616
Gyöngyhalász,1617
Ostinato (GER),1618
Cape Rodney (GB),1619
Final Flash (GER),1620
Ramblin Scout (GER),1621
Rangos,1622
High Rock,1623
Legenda,1624
Bedouin Prince (GER),1625
Saus und Fly (GER),1626
Nice guy (GER),1627
Martinius,1628
Tiny Smile (IRE),1629
Divine Touch (CRO),1630
Lenz (GER),1631
Comm Il Faut,1632
Astyan (FR),1633
Miss Mary,1634
Rhianna,1635
Krim's Honor,1636
Gyrus,1637
Belle Lord,1638
Canadian Princess (CAN),1639
Galija (SVK),1640
Black Mast (USA),1641
Pistenteufel (AUT),1642
Vicenzo's Niece (GB),1643
Evader (GB),1644
Overpace (GER),1645
Safaga (POL),1646
Dule's Dream (IRE),1647
Desert Flower (GER),1648
Dhampas (GB),1649
Nefertiti,1650
Kardiv (GER),1651
Igor Herceg,1652
Shosholoza (GER),1653
Daime (IRE),1654
Quickgold (CRO),1655
In God We Trust (GB),1656
Denpasar (POL),1657
Mandala,1658
Pergőtűz,1659
Starfish,1660
Lángnyelv,1661
Óbuda (GB),1662
Mosoly,1663
Namila,1664
Bohémélet,1665
Csillagösvény,1666
Kóristalány,1667
Ré,1668
Persely,1669
Kopal (POL),1670
Los Gonosz (IRE),1671
Rivális (GER),1672
Green Flash (ITY),1673
Saturnino (SLO),1674
Grandessa (SVK),1675
Warning Hill (SVK),1676
Singapore Luck (FR),1677
Analiz,1678
Rudolf,1679
Golden Feet,1680
Aenona (CRO),1681
Sheragan (GER),1682
Kendy (GB),1683
Just Fly (POL),1684
Feimey (IRE),1685
Kengyelfutó,1686
Exlibris (FR),1687
Una Loulla (FR),1688
Művészlélek,1689
Voldemort,1690
Cox Orion (GB),1691
Just Chief (POL),1692
Moilly (CZE),1693
Bushido (POL),1694
Wonder Horse (IRE),1695
Escala (GB),1696
Fey Fortune (IRE),1697
Bernini (GER),1698
My Fight,1699
Orgona Valéria,1700
Musical Dancer,1701
Ideal Match (GB),1702
Star Force,1703
Black Night,1704
Dream-Hill,1705
Spárta,1706
Méregcsók,1707
Silver Storm,1708
Sunny Runner,1709
Robinson Cruso (GB),1710
Marrayah (GB),1711
Mediplomat (GB),1712
Footsie (IRE),1713
Notion (IRE),1714
Hobby Hawk (IRE),1715
Vader Nagyúr,1716
Silent Blessing (GB),1717
Budapest Jo (GB),1718
Montano,1719
Tiszavirág,1720
Outrider (IRE),1721
Belnisz,1722
Olajág,1723
Rasid,1724
Diadalünnep,1725
Garam,1726
My Little Star (IRE),1727
Gianina (FR),1728
Elan Vital,1729
Alone Famous,1730
Briccola (GER),1731
Quissisana (IRE),1732
Sunset Crest (GB),1733
Titus Surumus (SRB),1734
Briton Track (SVK),1735
Dzoni Travolta (SRB),1736
Geny Bey (IRE),1737
Daria (BUL),1738
King Cobra (IRE),1739
Ozi,1740
Rengés,1741
Almaszüret,1742
Álomvilág,1743
Ifiasszony,1744
Robin Hood,1745
Maid of Ice (GB),1746
Gondolat,1747
Célbíró,1748
Chelsy,1749
Valencia,1750
Pull-Over,1751
Good Racer,1752
Tacanas (GB),1753
Santiago (SLO),1754
Margaret Queen,1755
Yeti (GB),1756
Landolf,1757
Twinkling,1758
Distant Rocket (GB),1759
Secret Spell (GB),1760
Anubisz (GB),1761
Mazsola,1762
Pengő,1763
Káin,1764
Dakini (GER),1765
Kaleidoszkóp,1766
Salvador,1767
Fösvény,1768
Dvorníky Dream (IRE),1769
Prince Cro (IRE),1770
Rettenthetetlen,1771
Mennydörgés,1772
Barack (GER),1773
Category Five (IRE),1774
Martini,1775
She's A Maneater (IRE),1776
Tormenta (POL),1777
Mutatványos,1778
Tin Hinan (IRE),1779
Picasso,1780
Thanasius,1781
Lennifer,1782
Meteorit,1783
Szarkaláb,1784
Harmat,1785
Staféta,1786
Alajos,1787
Momento,1788
Apanatschi,1789
Forgószél,1790
Inaaqhani (GB),1791
Rinaldo,1792
Tia (POL),1793
Bakony Szépe,1794
Luzzer (GER),1795
Modeszta,1796
Sárkányszív,1797
Pretty Princess,1798
Zakariás,1799
Bizalom,1800
Lake Louise (GER),1801
New Heaven (IRE),1802
Nighty of Budysin (GER),1803
Alfkona (GER),1804
Raimond (GER),1805
Frühlingsrausch (GER),1806
Wallisto (GER),1807
San Siro (POL),1808
Oldfieldroad (IRE),1809
Parmeenion (GB),1810
Éden,1811
Miss Whistle (IRE),1812
Sweet Amon (IRE),1813
Samantha For Love (GB),1814
Mai Tai,1815
Love Story,1816
Goodwill,1817
Nem Tudom (GER),1818
Gárdakapitány,1819
Szimonetta,1820
Viva La Diva (GER),1821
Mafumo (GB),1822
Tábortűz,1823
Lagrisi (CZE),1824
My Great (POL),1825
Prima Lunette (CZE),1826
Ezüstnyíl (GER),1827
Sansha (IRE),1828
Lindberg,1829
Bazy (IRE),1830
Free Hope (FR),1831
Aspasia Lokhovo (IRE),1832
Stílszerű,1833
Meseszépség,1834
Nadine,1835
Kissi Missi (GER),1836
Latin Lover (FR),1837
Legális,1838
Aglaya (GER),1839
Gipsy Dream (IRE),1840
Peckes,1841
Atack (GER),1842
Libanon (GB),1843
Bencés,1844
Irtidaa (USA),1845
Classic Gem (IRE),1846
Endless Storm (GER),1847
Revűtáncos,1848
Izabella,1849
Sexy Secretary (CZE),1850
Starling,1851
Frog House (IRE),1852
Xéna,1853
Radisson Blu (SVK),1854
Rio Linda (FR),1855
River Kwai (GER),1856
Jessie,1857
Trinity (GER),1858
Glass Of Champagne (SVK),1859
Nadír,1860
Indigo Star (GB),1861
Fenix (SVK),1862
Innovator (GER),1863
My Fairy,1864
La Festa,1865
Blue Imp,1866
Bora Love,1867
Dynamit,1868
No Mercy (POL),1869
Aurelia Pia (GB),1870
Tuatara (POL),1871
Tamarei (IRE),1872
Borcsi,1873
Yerba Mate (ITY),1874
Finálé,1875
Completta,1876
Kökény,1877
Puszedli,1878
Mazeppa,1879
Steep Dancer,1880
Zolee Walker (GB),1881
Wiro-Nita,1882
Double W.,1883
Indy Boy (GER),1884
Sansz,1885
Stréber,1886
Mákvirág,1887
Insagi (SLO),1888
Sincera (GER),1889
Bárányfelhő,1890
Starlit Sky,1891
Kalamajka,1892
Skirt Chaser (GB),1893
Hard (SVK),1894
Büszke Botond,1895
Duracell,1896
Flandria (POL),1897
Ary (SVK),1898
Ile de France (SRB),1899
Principessa,1900
Megigéző,1901
Orca,1902
Bayann (FR),1903
Dancing Fire (SVK),1904
Lambertus (GER),1905
Bargain Lady (GB),1906
Bandita,1907
Cecilka (CZE),1908
Ajánlott (IRE),1909
Cincér (CZE),1910
Dancer Wild (POL),1911
Smartly Adratti,1912
High Season (GER),1913
Walderon (IRE),1914
Lugass (CZE),1915
Gerle,1916
Bársonyka,1917
Flop Chop (GER),1918
Maxi Prince,1919
Amica Luna (AUT),1920
Nomád,1921
Apacslegény (GB),1922
Ashkan (GB),1923
Hálás,1924
Zandirhám,1925
Morajló,1926
Ludwig von Bayern (GER),1927
Rivalda,1928
Tear Down,1929
Waldegunde,1930
Rénium,1931
Spirituálé,1932
Színarany,1933
Galagonya,1934
Morpheus,1935
Noble Thought (IRE),1936
Musical Flight (GB),1937
Titana Club (IRE),1938
Meloneras (GB),1939
Raphael Santi (IRE),1940
Maktum (IRE),1941
Dancing Boots (GB),1942
Abaskan (SVK),1943
Tobea Farmers Boy (GB),1944
New Warlord (GB),1945
Obligo (POL),1946
El Hierro (POL),1947
Perfect Hill,1948
Rebellina (SVK),1949
Silberpfeil (GER),1950
Grace,1951
Seperate Opinion (GB),1952
Mac Pursuits (GB),1953
Himba (POL),1954
Summer Hill,1955
Donna Prima (GER),1956
Nádor,1957
Fausztusz,1958
Platino (GER),1959
Rush,1960
Bonjour,1961
High Rainbow (IRE),1962
Sabato (CZE),1963
Bungee (POL),1964
Kansas,1965
Love Game,1966
Delinda,1967
Whisky,1968
Malibu,1969
Prince Damyan,1970
Rule Britannia,1971
Ében,1972
Alcobaca (GER),1973
Tickle The Queen (GER),1974
Piskóta,1975
Nargiza (POL),1976
Mademoiselle,1977
Hollywood Art (GB),1978
Karcags Beauty (IRE),1979
Demokrácia,1980
Cassiopeia,1981
Álommanó,1982
Gabi,1983
Jennifer,1984
Brenda,1985
Jazzy,1986
Avatar (SVN),1987
Pirkadatkor kelő,1988
Vincellér (GB),1989
Easy Tiger (GER),1990
Patriot (GER),1991
Speedtest,1992
Spieler,1993
Joko Fly (POL),1994
Tűzkő,1995
Marcus (SVN),1996
Fénylőcsillag,1997
Sun Eruption (FR),1998
Astraios (IRE),1999
Downtown,2000
Maximus Titán,2001
Teno (POL),2002
Springolina (GER),2003
Toyana (GER),2004
Meny Bay (IRE),2005
Barnabás,2006
Sagoya (GER),2007
Szonáta (GB),2008
Zizania,2009
Havanna (GB),2010
Rendimento,2011
New Gift,2012
Mesemaraton,2013
Magic Dream (GER),2014
Alina,2015
Nordberg,2016
Sasheverő,2017
Seherezádé,2018
Mayday (GER),2019
Mítosz,2020
Candy Girl (CZE),2021
La Fleur,2022
Mimir,2023
Dodybud (IRE),2024
Mississippi,2025
Chestion (POL),2026
Szájbergyerek,2027
Dédike,2028
Call Me Tiger (SVK),2029
Szerecsen (GER),2030
Qba,2031
Herodes,2032
Heedy (GER),2033
Császár,2034
Előkelő,2035
Tongavera (POL),2036
Gátőr,2037
Mr Angel (IRE),2038
Ilke (IRE),2039
Jerrycan Dance (GB),2040
Izop (IRE),2041
Connery (GER),2042
Almond Magic (IRE),2043
Silverator (GB),2044
Akaba (GER),2045
Billy Tiger (GB),2046
Tolvajtempó,2047
Campari,2048
La Platina,2049
Orkán Wiro-Dancing,2050
Scarpino (GER),2051
Mentor Walter,2052
Déba,2053
Caduke (IRE),2054
Bright Gold (GER),2055
Yucca (IRE),2056
Galetta (GER),2057
Zephir (GER),2058
Perfect One,2059
Szuhar,2060
Április,2061
Mézeskalács,2062
Búzaszem,2063
Rence,2064
Brisk Moos (GB),2065
Gyöngyös Szépe (GER),2066
Kolibri,2067
Savannah,2068
Ideal Italy (ITY),2069
Regnum,2070
Mister Lake (POL),2071
Maniac,2072
Hunyor,2073
Alpár,2074
Sacramento King (SLO),2075
Remete,2076
Tündértánc,2077
Noem (CZE),2078
Vagosh (SVK),2079
Just For You (POL),2080
Nabukodonozor,2081
Wida,2082
Gomolyfelhő,2083
Dakota Montana (IRE),2084
Black Jolly,2085
Búzavirág,2086
Szinta,2087
Sharp Brook (CZE),2088
Iave Con (FR),2089
Diplomata (CZE),2090
Daidegas (ITY),2091
Dabiango (GER),2092
Nicolo's Friend (ITY),2093
Athock (SVN),2094
L'Ame du Desert (FR),2095
Prince Henry (AUT),2096
Heliconia (GB),2097
Módos,2098
Bespoke Joe (GB),2099
Ifjú Vince (GER),2100
Lobelia (GB),2101
Jet Acclaim (IRE),2102
Rock Act (IRE),2103
Mutamaiz (IRE),2104
Szélcsend,2105
Clouded Vision (IRE),2106
Penny Donkey (GER),2107
Happyman (GER),2108
Kasszafúró,2109
Finity Run (GER),2110
Servus (GER),2111
Lavelle (CZE),2112
Zilia,2113
Claudia,2114
Lidérc,2115
Bánk Bán,2116
Kalamo (GER),2117
Pegas (GB),2118
Tabu (GB),2119
Beau Dreamer (GB),2120
Zabszalma,2121
Japonka (POL),2122
Nektarin,2123
Gabonakabóca,2124
Esti Csillag,2125
Moonlight Shadow,2126
Csillagkapu,2127
Master Dancer,2128
Morusz,2129
Ncore,2130
Blanka,2131
Zelnike,2132
Qpe,2133
Rahim Khan (GER),2134
Imbattable (fv) (GER),2135
Apokalipszis,2136
Prána,2137
Tulum (FR),2138
Röptűz,2139
Kőrisfa,2140
Lady Stone,2141
Nádszál,2142
Krabat (GER),2143
Radio Ga Ga,2144
Open Fire (SVN),2145
Gold Burst (IRE),2146
Acorda (GER),2147
Prince Angelo,2148
Lancelot,2149
Maxi,2150
Mr Star,2151
Quebracho (SVK),2152
Dylana (IRE),2153
Nagykígyó,2154
Orsigna (FR),2155
Larion,2156
Waffenrock,2157
Orpheus Melody,2158
Schnell,2159
Orchestra,2160
Berkenye,2161
Bahama,2162
Ensure (GB),2163
Dunja (GER),2164
Cedar (FR),2165
Freddie Mercury,2166
Szaturnusz,2167
Crescence,2168
Ribana,2169
Timike,2170
Panda (FR),2171
Sugar Loaf (GB),2172
Roodee Queen (GB),2173
Pokolfajzat,2174
Bóbita,2175
Piera (GER),2176
Susanne,2177
Trnava (POL),2178
Key to Paris (GER),2179
Sterndeuter (GER),2180
Thor (POL),2181
Night Sunny,2182
Justin Vegas (IRE),2183
Rio Bono (IRE),2184
Cohiba Leona (AUT),2185
Baza (POL),2186
Trisa (POL),2187
Lara,2188
Mon Amie,2189
Cristal Gem (GB),2190
Lightning Debut (GB),2191
Enviable (IRE),2192
Saturnus,2193
Invisible Bid (GB),2194
Opium Bullet (GB),2195
Miserend,2196
Derailed (GB),2197
Olivia (GB),2198
Fellángolás,2199
Clown's Tears,2200
Maximum Joy,2201
Álomtenger,2202
Justiciaforme (GB),2203
Misztérium,2204
Lángoló-táncos,2205
Glenda,2206
Xindi,2207
Kanga,2208
Máramaros,2209
Kárpátia,2210
Baracoa (POL),2211
A Little Music (GER),2212
Macskafogó,2213
Bonjour Cathrin (GER),2214
Ancsika,2215
Tűzgolyó,2216
Mátrix,2217
Milky Way,2218
Gloire,2219
Mustang,2220
Most Wanted,2221
Ispan (FR),2222
Kaszkadőr,2223
Narancsfavirág,2224
Russell (CZE),2225
Thunder Teddington (GB),2226
Turul (FR),2227
Nyíregyháza (GER),2228
Tűztövis,2229
Daniella,2230
Homoktövis,2231
Ungaro,2232
Krösus (GER),2233
Lady Lavender,2234
Nagyzoló,2235
Mondóka,2236
Laguna,2237
Sugárka,2238
Álomhercegnő,2239
Black Blade (GB),2240
Minna,2241
Párduc,2242
Leon a profi,2243
Bandavezér,2244
Pannonstar DL,2245
Seniorgigolo (GB),2246
Moszat,2247
Jihlava (IRE),2248
Tallstep (IRE),2249
Tizzy Tigress (AUT),2250
Don Sergeant (AUT),2251
Bye Track (CZE),2252
Justicia,2253
Abu Dhabi,2254
Demény,2255
Let Me Run (IRE),2256
Jolly Jumper (AUT),2257
Denices Moonlight (GB),2258
Muffin Princess (IRE),2259
Oyabun (GER),2260
Nilus,2261
Emese,2262
Inami,2263
Coffee Gold,2264
Bavaria Sili (FR),2265
Eagret (POR),2266
Great Trails (POR),2267
Jetset Jones (GB),2268
Zerik,2269
Dream Racer,2270
Wood-Wirodancing,2271
Gran Torino (POR),2272
Juignettes (IRE),2273
Sariyah (GB),2274
Mirabolán,2275
Valda,2276
Hírhozó,2277
Concoct (IRE),2278
Pagani (GB),2279
Mo Vito (GB),2280
Bulcsú,2281
Kamil,2282
Lady Kate (GER),2283
Gramina (POR),2284
Shakespeare,2285
Botrányhős,2286
Toni Montana (SRB),2287
Butterfly On Track (SRB),2288
Devon River (FR),2289
Rózmarin,2290
Great Swell (POR),2291
Al Shoogh (GB),2292
Mákszem,2293
Grand Prairie (POR),2294
Istanbul (GER),2295
Dr VIP (IRE),2296
Elector of Saxony (USA),2297
Gengszter,2298
Pageno (GER),2299
Quick Dart (SVK),2300
Doctor Timotej (CZE),2301
Alpine Suri (IRE),2302
Claudia Octavia (GB),2303
Ouagadougou Dawn (GER),2304
Hóvirág,2305
Bengáli,2306
Reménység,2307
Oscar,2308
Dzsin (CZE),2309
Vidra,2310
Zwegat (GER),2311
Legionar (GB),2312
Magic Blade (FR),2313
Szememfénye,2314
Bon-Bon,2315
Luck Stone,2316
Lady Anna,2317
Programozó,2318
Miniatűr,2319
Anthea,2320
Sahriar,2321
No Name Betty (CZE),2322
Camelot,2323
Viva Lea (CZE),2324
Tiziano Vecellio (GB),2325
Liberty Alex (SRB),2326
Budavár,2327
Ma-Hill,2328
Kikerics,2329
Sidney (IRE),2330
Málnaszörp,2331
Baltic History,2332
Babérrózsa,2333
Nissa,2334
Eisfee (GER),2335
Lobogóm,2336
Aptitude (GB),2337
Emma,2338
Dáliavirág,2339
Varázspálca,2340
Winnie,2341
Surprise Interview (GB),2342
Count Of Tuscany (USA),2343
Sanyr (IRE),2344
Tropical Maroon (GER),2345
Powerslide (GER),2346
Zárkózott,2347
Dresda (ITY),2348
Lisema (ITY),2349
Petit Poucet (FR),2350
Pikk Dáma (GER),2351
Zebedeedoodah (IRE),2352
Suhanó,2353
Neukölln (GER),2354
Papírsárkány,2355
Yordana (CZE),2356
Kilword (IRE),2357
Red Hot Calypso (IRE),2358
Lord Fantasy (GER),2359
Alanya (GER),2360
Spare Time (GB),2361
Tíria,2362
Veremeroad (FR),2363
Wicca,2364
Novelle Rock (IRE),2365
The Story (GB),2366
Open End (GER),2367
Sharpshooter Storm (GB),2368
Dimenzió,2369
Sigiriya (POL),2370
Misi Manó,2371
Lucy,2372
Green Valleys (CZE),2373
Samool (GER),2374
Matissa Colour (ITY),2375
Emerald Smile (IRE),2376
Fiorhead (CZE),2377
Mini Wells (IRE),2378
Waaya (IRE),2379
Crescencina,2380
Like,2381
Drágakő,2382
Kővirág,2383
Lyra,2384
Koperta,2385
Maximilien,2386
Amigo Star (FR),2387
Bíborcsók,2388
Black Hut (GR),2389
Princess'View (GB),2390
Ivo Dzima (SRB),2391
Alberto (GER),2392
Sonja (GB),2393
Pomorosso (FR),2394
Bankár,2395
Ford Mustang,2396
Qmisz,2397
Vivaldi,2398
Classic Girl,2399
Lacfi Nádor,2400
Touch Of Gold (FR),2401
Klaerchen (GB),2402
Dioniz (CRO),2403
Zanyetta,2404
Charda (FR),2405
Azték,2406
Rézcsengő,2407
Szombatesti Lány,2408
Cseresznye,2409
Útitárs,2410
Maconnaise (FR),2411
Petit Arc En Ciel (GB),2412
King Of Marmalade (IRE),2413
Wonderful Love (GER),2414
Miss Brooch (GER),2415
Napos,2416
Boróka,2417
Gino Maxi,2418
Wooxy,2419
La Pimienta (GER),2420
Olatist (SVN),2421
Infinity (CRO),2422
Dallas (CRO),2423
Kajla (IRE),2424
Estemony,2425
Ramses,2426
Criptonit,2427
Bukephalos,2428
Genesis (CRO),2429
Stella Che Cammini (IRE),2430
Niketas (FR),2431
Candy,2432
Mr Bas (SRB),2433
Bubble Gun (IRE),2434
Epres,2435
Pink,2436
Dirty Dreamer (GB),2437
Pandúr,2438
Lady Mary,2439
Ourville's War (FR),2440
Apache Girl (IRE),2441
Eltham (GER),2442
Röppenj,2443
Erosen (IRE),2444
Pesti Angyal,2445
Singidunum (SRB),2446
Sternenprinz (GER),2447
Báthory,2448
Szendergés,2449
Sagenhaft (GER),2450
Wanduke (IRE),2451
Idefix (AUT),2452
Lord Patrick (FR),2453
First Indian Beau (AUT),2454
Barka (CZE),2455
Viki Di (CRO),2456
Dulnega (CZE),2457
Áloműző,2458
Jamari (POL),2459
Megkapó,2460
Mario (GER),2461
Gitáros F.,2462
Dall' Armi (GER),2463
Niké,2464
Serpa,2465
Zoro Dark (FR),2466
Urgestein (GER),2467
Ice Prinzess (GER),2468
Sara Taylor (SRB),2469
Three Robins (GB),2470
Szuvenír,2471
Hírnév,2472
Sonrisa (GB),2473
Krajcáros (IRE),2474
Bistry (FR),2475
Napfáklya (FR),2476
Roman Flame (CRO),2477
Parsec (IRE),2478
Wild Glory (GER),2479
Poligám,2480
Bellissima,2481
Rebellis,2482
Romel (SRB),2483
Golden Journey (IRE),2484
Imperial War (IRE),2485
Quelindo (GER),2486
Bahamian Indy (GER),2487
Itakim (FR),2488
Miss Turpan (GB),2489
Kventin (SRB),2490
My Hope (GER),2491
Almabor,2492
Muhyaz (FR),2493
Agglegény,2494
Arctic Lady (GER),2495
Sármány,2496
Mirákulum,2497
Martinella,2498
Sinabung (IRE),2499
Perfect Girl (IRE),2500
Puck Fair (IRE),2501
Mejdan (IRE),2502
Vesponetta (FR),2503
Star of Akhi (AUT),2504
Star Lady (CRO),2505
Tarzan (GER),2506
Auberoche (FR),2507
Meláni,2508
Sagal Nel Vento (SRB),2509
Guardiola (CZE),2510
Tubu,2511
Just Mambo (IRE),2512
Mr Pegaz (SRB),2513
Tim Twister (GER),2514
Squaw City (FR),2515
Ninja (FR),2516
Tűzvész,2517
Lan Sasta (IRE),2518
Night Sam,2519
Lilfast (IRE),2520
Inner Circle,2521
AmeRéka,2522
Ludmilla,2523
Liseta (IRE),2524
Cracker Jack,2525
Adél,2526
Ranavalona,2527
Rekviem,2528
Qltúra,2529
Ásító inas,2530
Zita Királyné,2531
Jack the Giant (AUT),2532
Razzia,2533
Principális,2534
Korvin,2535
Mr Machine (GB),2536
Kizil Sou (fv) (SRB),2537
Bírónő,2538
Linácska,2539
Tango Libre (FR),2540
Strong Flame (GB),2541
Panzerotta (IRE),2542
Roman Riches (GB),2543
Szulejmán,2544
Mea Culpa,2545
Bright Jewel (IRE),2546
Souvenir de Mauve (GB),2547
St Selene (IRE),2548
Dark Demon (GB),2549
Vegas Hope (GER),2550
Lángrózsa,2551
Uccellino,2552
Asha,2553
Ascalona (IRE),2554
Salsa,2555
Merzad,2556
Toszkána,2557
Lovely Rock,2558
Szemere,2559
Jiffies Music (GER),2560
Brahy lánya,2561
All Yours (IRE),2562
Geronimo (GER),2563
Nocle Pata,2564
Stefánia,2565
Menta,2566
Royal Ron,2567
Eisvogel (GER),2568
Hope For Ever (GB),2569
Aschenti (SVK),2570
Graceland (POR),2571
Karov (IRE),2572
Renin (IRE),2573
Tüzes,2574
Baltimore,2575
Toshiro (IRE),2576
Chickawa (FR),2577
Navigáló,2578
Cash Rain,2579
Erdély (GER),2580
Sárkányfű,2581
Mr. Wiro-Cárevics,2582
Optimus,2583
Strassz,2584
Alegoria (CZE),2585
Blue Serenade (IRE),2586
Mighty Icon (GB),2587
My Luck,2588
Pep Pöhler (GER),2589
Balaton,2590
Szibilla,2591
Fedezék,2592
Element Five (IRE),2593
Pen Bal Crag (IRE),2594
Thessala (IRE),2595
Smoke on the Water,2596
Top Chill (FR),2597
Boetie's Dream (IRE),2598
Ionian Libretta (AUT),2599
Szerencse lovag (FR),2600
Rapid,2601
Miss Vikaniko (GER),2602
Cristály,2603
Poligráf,2604
Katie's Kiss (GB),2605
Origami,2606
Wadkörte,2607
Nüx,2608
Garland,2609
Red Price Gift (IRE),2610
Lucky Lady (GB),2611
Duck of Gibraltar (FR),2612
Vienna Sun (SVK),2613
Trentino (IRE),2614
Portorikos (IRE),2615
Univerzum,2616
Pretorian (GB),2617
Trinity River (GB),2618
Darling (GER),2619
Black Monk (IRE),2620
Mátka,2621
Rhodesien Storm (GER),2622
Air Force (SRB),2623
Just Do It (SRB),2624
Night Boy,2625
Sara Percy (IRE),2626
Emerald Prince (IRE),2627
Arenus (GER),2628
Chiquitita Chic (IRE),2629
Magic de Paris (FR),2630
Napkelte,2631
Nordican Way (FR),2632
Geoway,2633
Lenix (IRE),2634
Pulp Fiction (SVK),2635
Kirsha (IRE),2636
Miss Bahamian (IRE),2637
Esti Kornél,2638
Spider Girl (IRE),2639
Duce (FR),2640
Agora (GER),2641
Akvamarin (FR),2642
Infanta (POR),2643
Felsenfest (GER),2644
Damin (IRE),2645
El Dorado (SRB),2646
Di Mo (FR),2647
Whiskey Lad (GER),2648
Narancsfa,2649
Nagysága,2650
Perfect Too,2651
Princess of Paris (FR),2652
Dragon Hunter (GER),2653
Tahir Sesti (SRB),2654
Canberra,2655
Merion (FR),2656
Noblesse Uni (SRB),2657
Marrakesh,2658
Majolika (FR),2659
Partyday (IRE),2660
Celtic Dream (IRE),2661
Kerecsen,2662
Laurentius (GER),2663
Korinna,2664
Ascentric (GB),2665
Sky Diver (GB),2666
Danetta (IRE),2667
Last Opera Song (FR),2668
Manolla (CZE),2669
Antoniovitch (FR),2670
Nádbuga,2671
Vanília,2672
Carlos (AUT),2673
Topolina (GB),2674
Freyda (CZE),2675
Taj Mahal (CZE),2676
Piece of Marmelade (GB),2677
Saint of Sinners (FR),2678
Ronja (IRE),2679
Notos (AUT),2680
Inflagranti (POR),2681
Emouvoir (GER),2682
Asta the Queen (CRO),2683
Impius,2684
Neverending Dream  (IRE),2685
Super Glory (CRO),2686
Sleepy Soldier (GB),2687
Chocolate Brown (IRE),2688
Gleneely Girl (IRE),2689
Mr Marbin (IRE),2690
Shiraz,2691
Moctezuma (FR),2692
Cassius Clay,2693
Plinius (IRE),2694
Barabau (USA),2695
Pebbles Place (GB),2696
Regős,2697
Avanage (IRE),2698
Pannon Prince,2699
Ridik,2700
Banafsheh (GB),2701
Brilliant Toy (GB),2702
Flying Lesson (IRE),2703
Eagle Falls (GB),2704
Hajeer (IRE),2705
Haweeya (IRE),2706
Suracon (GER),2707
Run The Red Light (IRE),2708
Dieta (GER),2709
Angel Dream (SVN),2710
Born to Win,2711
Armagedona (SVN),2712
Cadence (SRB),2713
Walküre,2714
Blaha Lujza,2715
La Kena (FR),2716
Silverstone (FR),2717
Imposant (POR),2718
Tanganyika (GER),2719
Imene (POR),2720
Farabutto (CRO),2721
Sissisam,2722
Brida,2723
Parlos (GER),2724
Illuminati (AUT),2725
Candy Star (GER),2726
Meriva,2727
Babilonia (IRE),2728
Motabaary (IRE),2729
Sammy's Warrior (GB),2730
Messerschmitt,2731
Liberty Love (FR),2732
Marie Therese (GER),2733
Szaffi,2734
Sabaoth (CRO),2735
Nagyhitű,2736
Severni Vuk (SRB),2737
Naughty Jack (SRB),2738
Obsession,2739
Apostol (FR),2740
Mágnás (FR),2741
Sunnykid,2742
Tűztenger,2743
Batignolles (FR),2744
Riviere d'Or (FR),2745
Muffin,2746
Welana (GER),2747
Black River Star (FR),2748
Szépike,2749
Faster Now,2750
Napleány,2751
Rilla,2752
Roxanne,2753
Pakalaka Bum Bum,2754
Benigna,2755
Paulína,2756
Juniperus,2757
Furiosa (GER),2758
Ballada,2759
Bubi Pata (GER),2760
Voodoo Master (GER),2761
Estike,2762
La Primera,2763
Sarkcsillag (FR),2764
Star Wars,2765
Milan (UKR),2766
Waslawi (IRE),2767
Wizardess (GB),2768
Brilliance (GER),2769
Cimbora,2770
Avantgard,2771
Szikra,2772
Májusfa,2773
Luka Leandro (SRB),2774
Orange Bloom (GB),2775
Rikat (ITY),2776
Bíborhajnal,2777
Power of Angel (IRE),2778
Uborka,2779
Valorous Influence (SVK),2780
Washington,2781
Ciper (CZE),2782
Arabian Cafe (IRE),2783
Sir Huru (IRE),2784
Let Me Win (AUT),2785
Humanic,2786
Sambo,2787
Illendő,2788
Seeking Approval (IRE),2789
Quill of Beauty (FR),2790
Omnia Gold (IRE),2791
Császárné,2792
Married (GER),2793
Ty Gwyn (AUT),2794
Yukon,2795
Juliana (GER),2796
Matidia  (GB),2797
Perchta (IRE),2798
Nazma (IRE),2799
Csodafi,2800
Altay (GER),2801
Sárarany,2802
Naduro (GER),2803
Snájdig,2804
Lugos (GER),2805
Filealanglaise (FR),2806
Reka Bez Povratka (SRB),2807
Rui Faleiro (USA),2808
Dies Irae (FR),2809
Culdaff (IRE),2810
Booxa,2811
Mirtuszfüge,2812
Blokád,2813
Kála,2814
Bigfoot,2815
Akrobat (IRE),2816
I Gotta Feeling (GER),2817
Global Gentl (GER),2818
Amarillo Belleza (FR),2819
Bizottság,2820
Mojave,2821
Zabpehely,2822
Adamo,2823
Eliter (IRE),2824
Isolda,2825
Eminens (FR),2826
Naruto,2827
Celeburdi,2828
Greenpeace,2829
Mr Zuru (IRE),2830
No Art,2831
Hayluck (IRE),2832
Futurist Fashion,2833
Spirily (IRE),2834
Efily (FR),2835
Robben Island (USA),2836
Contributor (FR),2837
Rhett Butler (IRE),2838
Autor (IRE),2839
Royal Gino (GER),2840
Valeriana,2841
American Dreaming (FR),2842
Orkán,2843
Londiner,2844
Panama,2845
Nótafa,2846
Stix (IRE),2847
Eva Gore (GB),2848
Petite Sirene (FR),2849
Justice Bold (IRE),2850
Nostra Balerina,2851
Dinamitrúd,2852
Marechal (SRB),2853
Taco Boy (FR),2854
Summer Star (FR),2855
Szantálfa,2856
Golem (IRE),2857
Wonder-Rock,2858
Almarózsa,2859
Rennina (GB),2860
Prairie Lukas (GER),2861
Jaafy (IRE),2862
Capitaine Fregate (FR),2863
Sonne (AUT),2864
Strawberry,2865
Rock'n Roll Fever,2866
Államtitkár,2867
Magic Rock,2868
Szatíra,2869
Nizar,2870
Tüzes nyíl,2871
Bruce Frenky (FR),2872
Renege (GB),2873
Lokomotív,2874
Kiotó,2875
Unique Pilot (GB),2876
Cerro Torre (ITY),2877
Kilimandzsáró,2878
Glory (CRO),2879
Déva vára,2880
Melody Maker,2881
Úri Muri,2882
Street Fighter (SRB),2883
Gézengúz,2884
Kulafumbi (FR),2885
Sweet Diamond (FR),2886
Glordi (IRE),2887
Pas la pas la bas (GB),2888
Mayfair Magic (GB),2889
Silver Prince (FR),2890
Megnyerő,2891
Sarkkör,2892
Purpur Princess,2893
Sulejmani (CRO),2894
Contess Logist (CZE),2895
Wild River (CRO),2896
Quadrona (GER),2897
Destyno (GER),2898
Wardat (FR),2899
Éjfél,2900
Olaf,2901
Miss Annie Joice,2902
Gigász,2903
Winning Bid (GB),2904
Silver Chimes (GB),2905
Suttogó,2906
Rheia,2907
Anteros,2908
Golden Dollar,2909
Snow Storm,2910
Pietro Testa (IRE),2911
Nimble Fighter (SRB),2912
Kartum (SRB),2913
Pastellia (GER),2914
Kenrivash (FR),2915
Eiskönigin (GER),2916
Sandusky Times (IRE),2917
König Arion (GER),2918
Refana (ITY),2919
Nocka,2920
Liliomfi (FR),2921
Sea of Lights (GER),2922
Ranger (GER),2923
Bourges (FR),2924
Mr Dragon (IRE),2925
Donbass Star (UKR),2926
Chantilly (GER),2927
Ormonde Octavius (FR),2928
Lumpazi (FR),2929
Cacholon (GER),2930
Mao Ce Tung (SRB),2931
Lujza,2932
Key Angel,2933
Eskandar (GER),2934
Regina Hizli (CRO),2935
Rosaa (CRO),2936
Possibility,2937
Miss Hurricane,2938
Topáz,2939
Holdviola,2940
Méta,2941
Narrátor,2942
Night for Overdose,2943
Walsrode City (GER),2944
Dorothea (GER),2945
Nirwana (GER),2946
Hibrid,2947
Smiling,2948
Macho (CRO),2949
Veni Vici (CRO),2950
Little Ghetto Boy (GB),2951
Roko Sivi Soko (CRO),2952
Predator,2953
Targerian (GB),2954
Angara (GER),2955
Dynamite (GER),2956
Stanford,2957
Ashanti Rose (GER),2958
Pókerarc,2959
Agastache (ITY),2960
Big Rock (GER),2961
Tűzgalamb,2962
Rebelliously (GER),2963
Sea of Fire (GER),2964
Köln (GER),2965
Red Van Winkle  (IRE),2966
Progresiv (SRB),2967
La Lianga (FR),2968
Tour To Paris (FR),2969
Babylon Glory,2970
Mentalist (GER),2971
Night Dancer (GER),2972
Rizikó,2973
Zambala (GER),2974
Carpaty King (SVK),2975
Haiku (CZE),2976
Golden Rain,2977
Taurus (SRB),2978
Robespierre (SRB),2979
Express Girl New (FR),2980
Fire For Goga (GB),2981
Beatrice,2982
Aurora Borealis,2983
Wildvogel (GER),2984
Keszi,2985
Wiro-Dzsenna,2986
Sambuca,2987
Silver Train  (IRE),2988
L'Ange Bleu (GER),2989
Johnny Rebel (GB),2990
Antistene (ITY),2991
Qussi Queen (GER),2992
Amfi,2993
Esti Fény,2994
Shades Arrow (SVK),2995
Summer Story,2996
Sorbonne,2997
Sárifáni,2998
Magical Luck (IRE),2999
Nyelvtörő,3000
Morita Menantie (FR),3001
Sansili (SRB),3002
Just Mine (IRE),3003
Mac Jail (SVK),3004
Furious Felix (SVK),3005
Novicento,3006
Botaniste (GER),3007
King Alex (AUT),3008
Mercury (RUM),3009
After Eight,3010
Navajo,3011
Regölő,3012
Graffiti,3013
Golden Fox (GB),3014
Lightblack (IRE),3015
Tharajam (IRE),3016
Louleli (FR),3017
Sámánkő,3018
Sandra Soul (GER),3019
Fox Catcher (BUL),3020
Survivor,3021
Mézédes,3022
Whip Call (FR),3023
Medici (USA),3024
Saintnixa (FR),3025
First Generation,3026
Stormatic,3027
Nancho (GER),3028
Fonzel (GB),3029
Gregoire (GER),3030
Kesu,3031
Juste Un Baiser (IRE),3032
Tangra (BUL),3033
Alkonykönny,3034
Rolex Boy,3035
Csalán,3036
Denbeki (CZE),3037
Misty Dose,3038
Mikesh (IRE),3039
Du Pyla (FR),3040
Oriental Sky (GER),3041
Magisztrát,3042
Tinker Bell (SRB),3043
Duna (FR),3044
Békeidő,3045
Rezeda (FR),3046
Szingli (GB),3047
Anduril (GER),3048
Bryan,3049
Beauchamp Opal (GB),3050
Oriental Cat (GER),3051
Molly Campa (GER),3052
Klondike Fever (GER),3053
Violetta Girl (GER),3054
Miss Marple,3055
Daktilus,3056
Tiger Lady (SRB),3057
Allegro,3058
Charleston,3059
Sivatagi Róka,3060
Tie Em Up Tel (IRE),3061
Rosenfire (GB),3062
Norilsk (FR),3063
Mirtusz,3064
Benihana,3065
Jaro (GER),3066
Holiday,3067
Sarkantyú,3068
Red,3069
Szarkazmus,3070
Captain Angrypants (FR),3071
Boldogság,3072
Rose Fire,3073
Unfug (GER),3074
Casino Royal (IRE),3075
Queen's Dancer,3076
Kujtorgó,3077
Liquid Spirit (GER),3078
Hamla (GB),3079
Noe (SVN),3080
Winterberg (GB),3081
Agnes (RUM),3082
Exson (FR),3083
Kalandor (AUT),3084
Asako (SVK),3085
Thai Night,3086
Argentario (GER),3087
Vizitinor (FR),3088
Torda (GB),3089
Gugus Des Brieres (FR),3090
Gran Sassa (GER),3091
Bahamian Storm (GER),3092
Mansois (FR),3093
La Mer,3094
Robogj,3095
High Tide,3096
Grigorije (SRB),3097
Alkatraz (SRB),3098
Road Lever (SRB),3099
Kostjukov (SRB),3100
Song Little Song (FR),3101
Poszáta,3102
Vanitas,3103
Silent Water (GER),3104
Május Szépe,3105
Wonder Juke (GER),3106
Contesse (CZE),3107
Claudia Fong (GB),3108
Classic Fast (CZE),3109
Nagykobra (GER),3110
Klugh (ITY),3111
Selyemkő,3112
Cartus,3113
Albatros (FR),3114
Pancsoló,3115
Hiltan (BUL),3116
Cirfandli,3117
Used To Be (GB),3118
La Liberte (GB),3119
Fileva (IRE),3120
Pearl Oyster (SRB),3121
Margniffa (FR),3122
Oxford Thespian (IRE),3123
Sugallat,3124
Queenetta (SVK),3125
Twisted Logic (IRE),3126
Puramente (GB),3127
One Milion (SVN),3128
Stage Of Being (GB),3129
Royal Silver Moon (GER),3130
Harmatcsepp,3131
Régi Történet,3132
Blue Sea (GER),3133
Muizenberg Rock (IRE),3134
Vegaia (ITY),3135
Chamsin Street (SWE),3136
Iron Boy (SRB),3137
Please Be True (IRE),3138
Pleasure,3139
Runbezy (POL),3140
Mini Morris (GB),3141
Rabi (GER),3142
Medyna (FR),3143
Naji (GB),3144
Kalakchee (GB),3145
Freeman (GER),3146
Financial Crime (IRE),3147
Croatia Flower (CRO),3148
Mr Paco (GB),3149
Sunny Meadow (AUT),3150
Missiones (FR),3151
Mukab (GB),3152
Carina,3153
Morgenstern,3154
Zorro (GER),3155
Fifikás,3156
Holly Boum (FR),3157
Supreme,3158
Enigma,3159
Allegro Assai,3160
Zarándok,3161
Irish Girl (GB),3162
Dynamo,3163
Original,3164
Upper Rebel (FR),3165
Mahagóni,3166
Szamba,3167
Békés harcos,3168
Cromwell,3169
Rising Rose,3170
Pusta Kincse,3171
Almaviva CSCS,3172
The Batman (GER),3173
Flawless Flower (FR),3174
Nirado (GER),3175
Maltazar (BUL),3176
Sweet Anna (GB),3177
Sea Secrets (GER),3178
Daffrah (GB),3179
Zoffinia (IRE),3180
Judit,3181
Zeppelin (FR),3182
Venice Queen (CRO),3183
Moon Star (POL),3184
Alcavella (GB),3185
Astor (BUL),3186
Kitana (BUL),3187
Dante's Peak (GB),3188
Santa Fe,3189
Janka (IRE),3190
Sade (CRO),3191
Mont Master,3192
Bomber (CRO),3193
Thunderstruck (CRO),3194
Argosz (IRE),3195
Hulan,3196
Lashain (IRE),3197
Bahama Pa Pa (FR),3198
Medica,3199
Rajsamatazz (FR),3200
Macaron,3201
Sophorson (CRO),3202
The Queen,3203
Vernon,3204
Do it in Rio (FR),3205
Rikoleta (IRE),3206
Rakfi Victorious (FR),3207
Kirgiz,3208
Fancy Fury (GER),3209
Golden Sea (IRE),3210
Top L'Ami (FR),3211
Possibilite (FR),3212
Music Channel (GB),3213
Wasmy (FR),3214
La Luka (IRE),3215
Aygul,3216
Mezzo,3217
Lili,3218
Sea My Soul (GB),3219
Rival Love (IRE),3220
Pray And Win,3221
She Moves,3222
Black Fire DL,3223
Sagana (POL),3224
Borszék,3225
Tizedes,3226
Humbuk,3227
Ready,3228
Napsugar Isabel (IRE),3229
Raw Ability (BUL),3230
Maldini,3231
Megfogó,3232
Mendy (IRE),3233
Van Damme (SVK),3234
Templer (GER),3235
Zoriana (GER),3236
Tu You You (GER),3237
Sally Rose (IRE),3238
Lovely Fighter (FR),3239
Császármorzsa,3240
Landkaiser (GER),3241
Red Treasure (FR),3242
Crime Fighter (IRE),3243
Pretty Please,3244
Chatelet (FR),3245
Bossa Nova,3246
Firsty,3247
La Fonix (FR),3248
Bori,3249
Crushing Power (GB),3250
Lullaby (GER),3251
For You (IRE),3252
Banana Jet,3253
Marcell,3254
Qlináris,3255
Wonderful,3256
Marvellous,3257
Magic Man (SRB),3258
Fit to Fly (GER),3259
La Shaba (IRE),3260
Lady Zsu (GB),3261
Színfolt,3262
Ménkű,3263
Pheodora (IRE),3264
From Bere (FR),3265
Dancing Wing (AUT),3266
Miss Orchidea (IRE),3267
Trent,3268
Fireman Sam (GER),3269
Levendula (IRE),3270
Hoppá (GB),3271
Starkov,3272
Riadó,3273
Si Si Senor,3274
Fiord Rock (CZE),3275
Butch Boy Cassidy (IRE),3276
Princess Aurelia (SVK),3277
Tiltott gyümölcs,3278
Rainbow Rosie (IRE),3279
Boisyvon (FR),3280
Jubileum,3281
Ace of Spades (CRO),3282
Légyott,3283
Flying Fighter (GB),3284
Highteq (IRE),3285
Karagandi,3286
Pretty Secretariat (BUL),3287
Fadim (GB),3288
Cellem,3289
Rebelian (FR),3290
Melyson (CRO),3291
Rubikon,3292
Love Is All,3293
Ábránd,3294
Georges Song (FR),3295
Sahara Sun,3296
United,3297
Jewel Love (IRE),3298
Enaaya (IRE),3299
Amorózó,3300
Slafrok,3301
Fighting Felix (FR),3302
Franko (IRE),3303
Rue Christine (FR),3304
Firiora (IRE),3305
My Rocky (FR),3306
Like The Sea (IRE),3307
Summer Bilberry (FR),3308
Magical Thinking (IRE),3309
Thai Rock,3310
My Brilliant Star (GB),3311
Mister Five Euros (FR),3312
Amoreena (GB),3313
Júlia,3314
Aloiv Aivilo (GB),3315
Golden Cat (GER),3316
She's Mine,3317
His Majesty,3318
Fag yongy (FR),3319
Amarindi (FR),3320
Poco Forte (FR),3321
Regulator (FR),3322
Good Heart (GB),3323
Ana Gold (FR),3324
Tarzaniya (IRE),3325
Lucky Luciano (IRE),3326
Kenguru,3327
Ariel,3328
Gamine Jag (fv) (FR),3329
Balkan Wisper (SRB),3330
Álomfejtő,3331
Midnight Love (IRE),3332
Miss Trout (GER),3333
Amondo (GER),3334
Valkyrie Freya (IRE),3335
Four Fifty Three (GB),3336
La Divina Commedia (IRE),3337
Cedilla (IRE),3338
Honestly (FR),3339
Dubai Dusk (GB),3340
Liqueur,3341
Last Stride,3342
Vertical (GR),3343
Antilopa (IRE),3344
Winter Tale (GER),3345
Love Forever (IRE),3346
Charlie Firpo (IRE),3347
Silver Pepper (FR),3348
Sea of Turbulence (IRE),3349
Marlon,3350
Főnix Fame (GB),3351
Mathias Rex,3352
Államfő,3353
Éjszépe,3354
Dharma,3355
Pacsirta (IRE),3356
Speedy Sally (IRE),3357
Hurrikán,3358
Odin,3359
Liquidator,3360
Schneerose,3361
Fait Flores (FR),3362
Lump,3363
Ruca,3364
Sáska,3365
Sasszé,3366
Kiki (CRO),3367
Larry (FR),3368
Nebáncsvirág (IRE),3369
Lanna,3370
Network Time (IRE),3371
Mirr Murr,3372
Ncorty,3373
Atletico,3374
La Rosée,3375
Kapdarkey (FR),3376
Blue Song (IRE),3377
Rocket Boy,3378
Doremi Lafu (IRE),3379
Arktisz (FR),3380
Valyriai Acél,3381
Perpericon (GB),3382
Centrum,3383
Kráken (fv),3384
Amaranta,3385
Mont Rock (FR),3386
Bramastra (FR),3387
Rubidium,3388
Canada,3389
Honthy Hanna,3390
Sonic Bang (IRE),3391
Han Denever (GB),3392
Silverado (GER),3393
Bear Lake (GER),3394
Clones (SVK),3395
Marmalade,3396
Gold Memory (IRE),3397
Barriss (FR),3398
Éjszaka,3399
Famous Valley (IRE),3400
North Island (GER),3401
Hadal Deep (IRE),3402
Narra Mihi,3403
Santis,3404
Quint,3405
Kesergő,3406
Aflame Inferno,3407
Pray and Play,3408
Szénpor,3409
Lamiikada (AUT),3410
Calabrese (IRE),3411
Eszterlánc,3412
Northern Way (FR),3413
Super Mission,3414
Lucifer,3415
Serif,3416
Hatfield House (IRE),3417
Victoria Vitae (CZE),3418
Melioria,3419
Xman,3420
Dundus,3421
Melonka,3422
Mirtuszfa,3423
Fly To Me (IRE),3424
Ryony (IRE),3425
Impactful (IRE),3426
Corston (IRE),3427
Mooreen (SVK),3428
Wirrwarr (GER),3429
Mr Right (IRE),3430
Politicum (FR),3431
Need For Speed (SVK),3432
Arcturus (IRE),3433
Gaston (FR),3434
Eskerkhan (IRE),3435
Korallenfeuer (GER),3436
Secret Grey (IRE),3437
Amerika Kapitány (IRE),3438
Avignon,3439
Not Now Brexit (FR),3440
Cupido,3441
Stone Sober,3442
Minorita,3443
Nart,3444
Ayers Rock,3445
Ilvy (USA),3446
Best Harmony (IRE),3447
Zendaya (GER),3448
Somewhere,3449
Dolly Bell (CRO),3450
Valkyrie (CRO),3451
Supergirl,3452
Texas Girl (FR),3453
Nives Rive (ITY),3454
War Master (FR),3455
Capriccio,3456
Raffaella (FR),3457
Ferara (SVK),3458
French Whiskey (FR),3459
Ashta (IRE),3460
Agave,3461
Set Me Free,3462
Bearcat (IRE),3463
Alter Poseidon (GER),3464
Oba Hara (GB),3465
Aurora Amica,3466
Septon,3467
Keszkenő,3468
Herastias (FR),3469
Zilyony,3470
Sibelyus (IRE),3471
Sprinter,3472
Aelfy,3473
Álomkép,3474
It's my Time (GER),3475
Artimed (SVK),3476
Appalosa (IRE),3477
Tűzfészek,3478
Geige (GER),3479
Simply The Best,3480
Marsellus Wallace (IRE),3481
First Pigeon,3482
Bastille,3483
Imperialiste (FR),3484
Tornado Twister (CRO),3485
Torino Hill (SRB),3486
Palmera (GER),3487
Tirak (SVK),3488
Firstmind (FR),3489
Tempt (FR),3490
Wild Silk (FR),3491
Színjáték,3492
Szanszkrit,3493
Maxson Hill (FR),3494
Rogue Runner (GER),3495
Sicilian Prince (IRE),3496
Amazing Allegra (IRE),3497
Too Long,3498
Hadewin (FR),3499
Messina (SVK),3500
Denis The Diva (GB),3501
Buy Nice Not Twice (IRE),3502
Risk Rebellion (AUT),3503
Merybelle (FR),3504
Noisy Boy (GB),3505
If At Sea (GB),3506
Surda Dala,3507
Consentement (USA),3508
Best Victory DL,3509
Bánk (FR),3510
Impression (GB),3511
Sky (GER),3512
Double Triomphe (GER),3513
Dawn Hill (FR),3514
Zvarovska (FR),3515
New Big Hope (GER),3516
Havana Princess (GB),3517
Romane (FR),3518
Sámántánc,3519
Atmospheric (GB),3520
Can't Beat It (GB),3521
The Mystery Wizard (GB),3522
Fantastic Icon,3523
Lord Causeway (AUT),3524
Ile De La Cite (FR),3525
En Garde (GER),3526
Riderchop (FR),3527
Blush Bird (IRE),3528
Watch Me Move (IRE),3529
Glorious Glorious (FR),3530
Wesley (GER),3531
Zágráb,3532
Long Cross (GB),3533
Gunsmoke (IRE),3534
Faust (GER),3535
Coffee Bean (GB),3536
Turn Me On (GER),3537
Vain Hope (IRE),3538
High Spec (IRE),3539
Éji Csók,3540
Beauty Moon,3541
Centa (GER),3542
Blank Canvas (GB),3543
Eloquent Style (IRE),3544
Hashtag Saint Fray (FR),3545
Katchanka (FR),3546
Rebel's Angel (IRE),3547
Hucsucso (IRE),3548
Fergeteg,3549
Szimfónia,3550
Sword of Lucky (IRE),3551
Dormi (IRE),3552
Allűr,3553
Sugarbird (IRE),3554
Admirable Louvre (FR),3555
Running Wild,3556
Arc,3557
Namroud (GER),3558
Qngfu Panda,3559
Roan Sparrow (IRE),3560
Kontroll,3561
Seventy Smile,3562
Asta (GER),3563
Vendy Mast (SVK),3564
Namia (GER),3565
Voyager (FR),3566
Qsz Qsz,3567
Mont Negro,3568
Trip Jone Decerisy (FR),3569
Baal (IRE),3570
Mayella (GB),3571
Mademoiselle Marla (FR),3572
Dreamy Rascal (IRE),3573
Queen Opera (CZE),3574
Merciless (FR),3575
Ziggy Ready (FR),3576
Darkolva (IRE),3577
Magnentius (FR),3578
Raging Storm (IRE),3579
Chilli Chocolate (FR),3580
First Thought (GB),3581
Rumba Lady (IRE),3582
Tormenta Pulpit,3583
Meglepetés,3584
Arhimed (GB),3585
Stolen Time (IRE),3586
Lancaster Dream (IRE),3587
Rascal Dancer (IRE),3588
Angelina (CZE),3589
Datthirey (GB),3590
Snitchgetstiches (FR),3591
Pamanera (SRB),3592
Sanszos,3593
Melmet (GB),3594
Libegő (GB),3595
Shy Boy,3596
Hógolyó (IRE),3597
Millennium Bay (IRE),3598
Schafer,3599
Miami Storm (AUT),3600
Goosebump (GER),3601
Coeur de Leon (FR),3602
Miss Mystery (IRE),3603
Fangio (GB),3604
Teddy Bear (IRE),3605
Mr Penny,3606
Gray Touch (FR),3607
Achilles (IRE),3608
Miss Mazzie (GB),3609
Biting (GB),3610
Rosa Sham (FR),3611
Tequila (SRB),3612
Streif (IRE),3613
Pure Pearl (GER),3614
Wellington (GER),3615
Mystic Maleficent (FR),3616
Diadora Sts (IRE),3617
Tervel (IRE),3618
Klaudia Livius (IRE),3619
Chin Chin,3620
Cenzor,3621
Down Under (GER),3622
Strong (GB),3623
Megható,3624
Igazgató (GER),3625
Mandula,3626
Menphis (FR),3627
Criminális,3628
Imre,3629
Byolland (FR),3630
Kandela (POL),3631
Catch Me (IRE),3632
Eternity The Great (IRE),3633
Dőry báró,3634
Lagarder (IRE),3635
Badger's King,3636
Light Blue Sky (GB),3637
Wallstreet Journey (IRE),3638
Sir Sheldon (GB),3639
Petit Champion (FR),3640
Mítikus,3641
Lumperstikli (IRE),3642
Charger,3643
Jumeirah Beach (GER),3644
Leader Bear (IRE),3645
Liebeskind (GER),3646
Police Chief,3647
Grizzly (IRE),3648
Falconidae (IRE),3649
Jelsa (POL),3650
Balassa,3651
Draco,3652
Power Dose (IRE),3653
Turbina,3654
Arcsi (FR),3655
Bubesz,3656
Moranco Bareliere (FR),3657
Love In (GER),3658
Shoester,3659
Antarktika CsCs,3660
Marshmallow,3661
Sambo (GER),3662
Eggi's Choice (IRE),3663
Vaslady (IRE),3664
Shammah (IRE),3665
Aniela (IRE),3666
Opasan (IRE),3667
Imsexyandiknowit (IRE),3668
Ramssio (IRE),3669
Rabbit Havana (GB),3670
Odyssey (FR),3671
Al Muntenia (RUM),3672
Muskátli,3673
Paidge (FR),3674
Carpaty Mast (SVK),3675
Blazing Comet (IRE),3676
Theblacklist (FR),3677
No Days Off (IRE),3678
Rubychop (FR),3679
Tempico (GER),3680
Burford Brown (GB),3681
Agata Christie (GB),3682
Champagne Pink (FR),3683
Luckynav (IRE),3684
Lady Mazie (IRE),3685
Casino Ryan (IRE),3686
Juvenile,3687
Rébék,3688
Almacsillag,3689
Funny Girl,3690
Wellunca (CZE),3691
Regina Mia (IRE),3692
Adriano (FR),3693
Patricius (IRE),3694
Mojito (AUT),3695
Illyés,3696
Brainiac (FR),3697
Next Page (IRE),3698
Scatman,3699
Copadelmundo (IRE),3700
Brigetio DL,3701
Light to Dream (GER),3702
Sasha,3703
A Memory (GER),3704
Sue,3705
Dirty Dancer,3706
Phillipines (IRE),3707
Gerappa Sts (IRE),3708
Fleeting Vision (IRE),3709
Santa Clara (SVN),3710
Silk Moon (IRE),3711
Magical Ice,3712
Expect No Mercy (FR),3713
Surrogate,3714
Kaukázus,3715
Surprise of Devil (IRE),3716
Envious (GB),3717
Szokatlan,3718
Bellissima Mia (IRE),3719
Apród (IRE),3720
Felix (FR),3721
Szigliget (IRE),3722
Kötéltáncos,3723
Linx (GER),3724
Loveliness (GER),3725
Mystic Lady (GB),3726
Landspeed (IRE),3727
Forgiven (GB),3728
Friendly Fenomen (IRE),3729
Galactic Gleam,3730
Eminent Victory (IRE),3731
Yoyoba (FR),3732
Hong Kong,3733
Joaillier (FR),3734
Run Ripli Forward (IRE),3735
Zinedin (IRE),3736
Római Lány,3737
Árnika,3738
Penny Moon (GB),3739
Molenaer (GER),3740
Wednesday Born (IRE),3741
Shifting of Stukko (IRE),3742
Goddess of War (AUT),3743
Impossible Star (IRE),3744
Alp,3745
Brownie,3746
Hungarian Legend,3747
Giulia,3748
Seventh Sense,3749
Ice Venom (FR),3750
Dubai Tigress (GB),3751
Medox (IRE),3752
My Little Zazou (CZE),3753
Bratheneum,3754
Tapsi (IRE),3755
Rudaina (GB),3756
Kinderdijk (GB),3757
Attic Queen (AUT),3758
Briliantina (BUL),3759
Princess Passion,3760
Szurya (GER),3761
La Manche (FR),3762
Missis Queen,3763
Hunter's Rules (FR),3764
Beau Massagot (FR),3765
Medelin (GER),3766
Qba Libre,3767
Amos (IRE),3768
Sir Sherlock (GB),3769
Mimi (FR),3770
Lantos,3771
Hacker,3772
Binabik (GER),3773
El Prado's Joy (GB),3774
Loire,3775
Sonnakay (IRE),3776
Maared (FR),3777
Touchdown Pass (IRE),3778
Different Illusion (GB),3779
Junot (FR),3780
Success de Cerisy (FR),3781
Watch Me (GB),3782
Ahil The God,3783
Avoiding Water (FR),3784
Estepona,3785
Scandinavian Lady (IRE),3786
Ocasio Cortez (IRE),3787
Atocha (FR),3788
Nasrani (GER),3789
Near Poet (GER),3790
Grayscale (IRE),3791
Luna,3792
Sweetshine (IRE),3793
First Girl,3794
Masamód,3795
Delikát,3796
Maxim (GER),3797
Seeking Dickens (FR),3798
Hudson Hornet (FR),3799
Rain Man,3800
Miss Calloway (FR),3801
Call Gate (IRE),3802
Felicita Girl (IRE),3803
Diablo Sts (IRE),3804
Sudoku,3805
Wind Princess (FR),3806
Cirmi Sts (IRE),3807
Megintő,3808
Packman Bel (IRE),3809
Bergspitze (GER),3810
Sempelior (GB),3811
Dorka Sts (IRE),3812
Trigger (FR),3813
My Craft (GB),3814
Stolen Dream (GB),3815
Tulsa (FR),3816
Wiebke (FR),3817
Heebie Jeebies (GB),3818
Suhanó Üstökös,3819
Esti Szél,3820
Masarati Twister (GER),3821
Frangipáni,3822
Lucnaor (FR),3823
Rosa Dartle (IRE),3824
Fragile Planet (GB),3825
Sweet Siccu (IRE),3826
Dariya (FR),3827
Ghost Sts (IRE),3828
Cosima (GER),3829
Kardamomo,3830
Angel Secret (GER),3831
Spartan Devil (IRE),3832
Livingstone (SVN),3833
Préri Lady,3834
Szumátra,3835
Poccomio (IRE),3836
Kokárda,3837
Star Red Dwarf,3838
Shanzon,3839
President (GER),3840
Sandy Rose (IRE),3841
Amazing Memory (GB),3842
Markoni LP (SRB),3843
Royal Word (FR),3844
Régi Csibész (FR),3845
Golden Boy,3846
Stoneheart (GB),3847
Saidin (FR),3848
Mishie Bel (IRE),3849
Meghívó,3850
Gunther (IRE),3851
Tábornagy,3852
Silenus,3853
Rémkirály (IRE),3854
Madona Twister (CRO),3855
Lavalon (BUL),3856
Szegfű,3857
Venus Victrix (GB),3858
Mistic Bel (GER),3859
Samurai Eagle (CZE),3860
Ribizli,3861
Stream (GB),3862
Boy Z (CZE),3863
Tempó,3864
Zenrikó,3865
Samilla,3866
Ariadne (IRE),3867
Mágnás Miska (IRE),3868
Irdatlan,3869
Metatron,3870
Ruler Of The Path (FR),3871
Master of Win (GB),3872
Éjkirály,3873
Dancing Storm (FR),3874
Perszeusz RT,3875
Fortuna Twister (GER),3876
Morning Fire (GER),3877
Elenium Sts (IRE),3878
Juharliget,3879
Salvador Dalí,3880
Sabi,3881
Sin Lee Loh,3882
Poker Heart,3883
Guriga Gold,3884
Vladimir (RUM),3885
Immortality (SVK),3886
Cry of Joy (FR),3887
Aristotales (GB),3888
Flower of Paradise (FR),3889
Miszter X,3890
Kerengő,3891
Amfora (IRE),3892
Beau Match (FR),3893
Majakowski (IRE),3894
Killwort (IRE),3895
Whisky Girl (IRE),3896
Stamina (GER),3897
Ferrari Twister (CRO),3898
Tiger Lily,3899
Cirkónia,3900
Mazsorett,3901
Al Zaker (IRE),3902
Khaviar (IRE),3903
Chocito Sts (IRE),3904
Kenshibu (IRE),3905
Thank The Irish (IRE),3906
Snow Hawk (GB),3907
Crix Crax,3908
Insterburg,3909
Kaliyann (IRE),3910
Thunderstone (CZE),3911
Ready As A Rock,3912
Patient Man (GB),3913
Aurora Australis,3914
Qltusz,3915
Barbarian Blue (GB),3916
Airburst (GB),3917
Azzurro,3918
Mohito (CRO),3919
Gospodar (GB),3920
Buraq Prince (IRE),3921
Night'n Gale (FR),3922
World Hunter (GER),3923
Mr Viktor,3924
Gato Pardo,3925
Fearless Futures (GB),3926
Iron John,3927
Makadám,3928
Marmarah (FR),3929
Grangarde,3930
Acer (GER),3931
Pannon Force DL,3932
Brabus Rocket (CRO),3933
London,3934
Narangba,3935
Hajnalmadár,3936
Sorento,3937
Hortenzia,3938
Giboulee (fv) (FR),3939
Black Pepper (IRE),3940
Northern Love (GER),3941
Xinoníma,3942
Capo La Gala (GB),3943
Agreement (GER),3944
Katalena (GB),3945
Soreano (GER),3946
Solar (GER),3947
Rispetta (GB),3948
Zeyno (GB),3949
Senorita Rapido (IRE),3950
Well Well Well (BUL),3951
Rysk Couver (FR),3952
Dame Shelby (GB),3953
Surprise of Easter,3954
Alkhansa (GB),3955
Bolyk,3956
Solist (BUL),3957
Provokativ (GER),3958
Sunshine Meadow (FR),3959
Baretta (GER),3960
Bryana (FR),3961
Dante Pokla (FR),3962
Diwan (FR),3963
Orhan (IRE),3964
Princess Emin (IRE),3965
Girl At Work (FR),3966
Szamos,3967
Lex Emperor (GB),3968
Black Kenia (IRE),3969
Galiaspeed (FR),3970
Easy Cash,3971
Number One,3972
Noticeable (GB),3973
Kényes,3974
Lambo (IRE),3975
Pán Péter,3976
Szibill,3977
Demon Slayer (GB),3978
Sakk Matt,3979
Crystal Night (IRE),3980
Mesetár,3981
Ultra Pont (FR),3982
Leó,3983
Meglátó,3984
Geisha,3985
Alhammaam (IRE),3986
Miss Platini,3987
Százados Úr (IRE),3988
Alibi,3989
Remek,3990
Mr. Kastillo Twister (CRO),3991
Sky Dancer,3992
Tayra (BUL),3993
Outback Opal (GB),3994
Vektor (SRB),3995
Liberty of Devil (IRE),3996
Mora Mona (FR),3997
Rodin,3998
Just A Claim (IRE),3999
Elsa (FR),4000
Shamal Emmi,4001
Carlos Ray (IRE),4002
Aleidis (GER),4003
Arabika,4004
Speedy Gonzales,4005
Najinski (CZE),4006
Theodor (GER),4007
Brahms,4008
Carlos,4009
Bubek,4010
Rainbow M,4011
Amore Boy (FR),4012
Carlo,4013
Regina,4014
Reklama (GER),4015
Harriet (FR),4016
Mustela (IRE),4017
May Grey Dancer (FR),4018
Alen Catcher,4019
Lost In Space,4020
Baron Black (FR),4021
Lord Winter (FR),4022
Fantastic Chestnut (GB),4023
Fatime (IRE),4024
Aprópénz (GB),4025
Karl May,4026
Fitzante (IRE),4027
Major Factor (IRE),4028
Szufla,4029
Victory of Genius (GB),4030
Orfheus (GB),4031
Mr Bean,4032
Twist,4033
Circassian Circle (GB),4034
Wolf of Wallstreet (GER),4035
Real Hope (IRE),4036
Merci Star,4037
Endymion (IRE),4038
Alda,4039
Mouraria (IRE),4040
Visiana (GB),4041
Shining Light,4042
Royal Force (GB),4043
Cape Crown (IRE),4044
Temple Lock (GB),4045
Green Emerald,4046
Csinibaba,4047
Gainer Boy (IRE),4048
Sayuri (IRE),4049
Space Opportunity,4050
Sándor Mátyás,4051
Merlin,4052
Radiant Love (GB),4053
Mozifilm,4054
Giotto (FR),4055
Coco Cielo,4056
Bague Du Roi (FR),4057
Címer,4058
Frézia,4059
Frida Flame (IRE),4060
Poker Lover,4061
Who Cares (FR),4062
Anwar Mirashe (IRE),4063
Big Secret (GER),4064
D'Angelo (IRE),4065
Kacharot (FR),4066
Karakter,4067
Quarz (GER),4068
San Invicible (GB),4069
Imposing Pan (GER),4070
Vendetta Bel (FR),4071
Oklanda (IRE),4072
Elit Class,4073
Ego,4074
Miley Irish (IRE),4075
Sarki Fűszeres,4076
Obsidian Sky (IRE),4077
Halionor (FR),4078
Soul of Phoenix (FR),4079
Áprilisi Móka,4080
Magistrale (FR),4081
Baby Tour (IRE),4082
Respectation (IRE),4083
Raport (FR),4084
Vanity Vision (SVN),4085
Finiston (CZE),4086
Oligarcha (FR),4087
Thunder Girl (IRE),4088
Gump (IRE),4089
King's Pride (GER),4090
Picobello (FR),4091
Best Heart (IRE),4092
Taugh To Beat,4093
The Little T (IRE),4094
Chandler (CZE),4095
Keeness (FR),4096
Passzió,4097
Fistera (CZE),4098
Senior Markaz (IRE),4099
Secret Key (FR),4100
Vinka,4101
Shining Star (GER),4102
World Two Times (GER),4103
Legendary Joy,4104
Damast (GER),4105
Emerysday (IRE),4106
Quannah (GER),4107
Eyleen,4108
Phantom Black (IRE),4109
Safranek,4110
Mr. Jury Twister (CRO),4111
Akatchi (GER),4112
Lisboa (FR),4113
La Fiancee (FR),4114
Macallan (IRE),4115
Dernier (FR),4116
Berkshire Rebel (IRE),4117
Skinny Jeans (IRE),4118
Drusilla (FR),4119
Banbolina Et (IRE),4120
Reve de Picasso (FR),4121
Amazon Goddess (IRE),4122
Boccaccio Boy (IRE),4123
Fireball Freddie (GB),4124
Tachy (FR),4125
Annava (FR),4126
Blanco,4127
Labotas (GER),4128
Berenice (GER),4129
Hellász,4130
Itonda (FR),4131
Sógornő,4132
Adonis (IRE),4133
Fille De Fusee (IRE),4134
Arames (GER),4135
Power Pass (FR),4136
Emily Princess (IRE),4137
Pénzügyőr (IRE),4138
Di Domenica Sweety (FR),4139
Aduász,4140
Roy Rogers W,4141
Picasso Blue (IRE),4142
Eric Dantes (SRB),4143
Brita (BUL),4144
Passion of my Love (IRE),4145
Il Ministro (FR),4146
Guilin (IRE),4147
Skyline City (GER),4148
Canizares (IRE),4149
Sand Strong (IRE),4150
Jeriko (GB),4151
Nadály,4152
White Mare's Son,4153
Royal Heart (SVN),4154
Guineas (CZE),4155
Rasprava (UKR),4156
Punto Banco (IRE),4157
Euraquilo (GB),4158
Estet (UKR),4159
Racing Ray (IRE),4160
Klára,4161
Mr Croissant (FR),4162
Femme Fatale,4163
Mezzaluna,4164
Álomhozó,4165
Valdenzar (IRE),4166
Cunami (FR),4167
Shadow of Night (FR),4168
Cezar (FR),4169
Easy Sea (FR),4170
Chiquitita Girl (IRE),4171
Claudia (FR),4172
No Argument,4173
Mirtuszhanga,4174
Pensylvania (FR),4175
Timoty (IRE),4176
Princess Park (IRE),4177
Simonida Sur (SRB),4178
Celektív,4179
Udvarhölgy (FR),4180
Sirmionarris,4181
Integer,4182
Guru,4183
Dark Blue Sky (IRE),4184
Pescara,4185
Matthias Corvinus (IRE),4186
Nádi farkas,4187
Muskateer Three (GB),4188
Sic et Simpliciter,4189
Kasey (IRE),4190
Governor,4191
Wild Flag (IRE),4192
Romanova,4193
Valdesco (IRE),4194
Parádé,4195
Zain Nibras (IRE),4196
Belmonts Spirit (FR),4197
Irrlicht,4198
Melarris,4199
Pusztító,4200
Everlast,4201
Legionar Srb (IRE),4202
Whelans Way (IRE),4203
Bitlip (FR),4204
Livorno,4205
Lakhan (GER),4206
Gizelle (FR),4207
Thanksgiving,4208
Mia Jean,4209
Nicolene (GB),4210
Young Ruler (RUM),4211
Farris,4212
Sommerprinz (GER),4213
Surranó (FR),4214
Bisignarris,4215
Napfény (FR),4216
Ráadás (IRE),4217
Drish Venture (IRE),4218
Silent Film (GB),4219
Sceptic (IRE),4220
Quessigny (FR),4221
Splendent (IRE),4222
Tides Of War (IRE),4223
You Just Rock (GB),4224
Lavacry (IRE),4225
Bermuda,4226
Trun (FR),4227
Zabriskie Point (FR),4228
Jófogás (FR),4229
Géza (IRE),4230
Romarris,4231
Flying Aquangel (IRE),4232
Princess Rose (FR),4233
Lanika (GER),4234
Dolceamaro (GER),4235
Hala Hala,4236
Szibéria,4237
Poseidon (FR),4238
Astrantia (GER),4239
Golden Gringo (IRE),4240
Morning Impact,4241
Galileo Jag (fv),4242
Falarris,4243
Astarris,4244
Dancing in the sky (GER),4245
HoSzaKa,4246
Middleofthenight (IRE),4247
Tiaret,4248
Silverstar,4249
Wukk (IRE),4250
Luis Fernando (IRE),4251
Subacio (IRE),4252
Singella (GER),4253
Trapani,4254
Suburra (FR),4255
Balu Bel (GER),4256
Malcesine,4257
Terram (CRO),4258
Perfect Image (IRE),4259
Asti,4260
Mágnás Öcsi (IRE),4261
Arthur király,4262
Lady Gia (FR),4263
Seelöwe (GER),4264
Reshiram (IRE),4265
Matchless Maggie (GB),4266
Munami,4267
Magenta,4268
Fabrizia,4269
Vaquero (GER),4270
Vampa di Bocca (IRE),4271
Szulejka,4272
Hermion (IRE),4273
Tunézia (FR),4274
Polistena,4275
Tervel Han (FR),4276
Direktriksz,4277
Kandarlarris,4278
Thefamouscorleone (IRE),4279
Fokos (FR),4280
Misztikus,4281
János Vitéz (FR),4282
Szofia,4283
Timur,4284
Partizán,4285
Thominosso Zou (AUT),4286
Pour Conquerir (FR),4287
Prelez (GER),4288
Star Max (SRB),4289
Surprise from God,4290
El Matador,4291
Power of Wind,4292
Greatballsoffire (FR),4293
Clearwater Beach,4294
Chardonney,4295
Aramat,4296
Marionett,4297
Calah (IRE),4298
Szupernova,4299
Tallaris,4300
Fabulous (GER),4301
Whirl Wind Girl (FR),4302
Mitra (FR),4303
Twister FC,4304
Oszmán Szultána,4305
Nabilov (IRE),4306
Hungarikum (FR),4307
Aurora Musica,4308
Mamifestli (IRE),4309
Carreras (IRE),4310
Iseo,4311
Bocci (GER),4312
The Best World (FR),4313
State Of Chaos (IRE),4314
Campbell (FR),4315
Short Circuit (GB),4316
Souda Bay (GB),4317
Poppy Seed (CZE),4318
Royal Wings (GB),4319
Lady Jazz (GER),4320
Daenerys (FR),4321
Navalla,4322
Noir Flameball (FR),4323
El Darooj (GB),4324
Lady Lilibetrage (IRE),4325
Gold Scattered (FR),4326
Marinarris,4327
Smokie,4328
Be My Day,4329
High Speed,4330
Sina,4331
Palermo Night (FR),4332
Sandra Palm (FR),4333
Next Charge (FR),4334
Born To Champion (IRE),4335
Wakuda (IRE),4336
Golden Sky,4337
Exact (FR),4338
Sanyika,4339
Imperial Dream (FR),4340
April's Ali,4341
Virginia Plain (FR),4342
Ménrót W,4343
Adios Amor (GER),4344
Álompasi,4345
Sacred Girl,4346
Nagyszénás,4347
Bruno Star (GER),4348
Son Of Corballis (IRE),4349
Matt Machine (IRE),4350
St Pantaleon (IRE),4351
Huntress (FR),4352
Golden Dreams (IRE),4353
Argo,4354
Buchona,4355
Welcome,4356
Vadirum (GB),4357
Lady Free (IRE),4358
Centaine de Thiry (FR),4359
Gallrock (IRE),4360
Musashi,4361
My Alibi (FR),4362
Super Strada,4363
Thunder Storm (CZE),4364
Mirtuszdió,4365
Mother Shipton (GB),4366
Timimoun,4367
Macchiato,4368
Cormoran (IRE),4369
Crowned Roky (IRE),4370
Rushing Breeze (IRE),4371
Altesse Rouge (GER),4372
Mystic Man,4373
Termini (IRE),4374
Peakside Girl (GER),4375
Nagyharsány,4376
Sithonia (SRB),4377
Csodabogár,4378
Lucipherer (FR),4379
Shaba Queen (FR),4380
Airport (GB),4381
Mirash King (IRE),4382
Chill Point,4383
Tres Tequilas (CZE),4384
Quatremare (FR),4385
Darinka,4386
Alpine Man,4387
Black Friday,4388
Florida (SVK),4389
Moretti,4390
Government Call (IRE),4391
City Express (GB),4392
Galeano (FR),4393
High Bridge,4394
Moonara (FR),4395
Manatan (FR),4396
West Bay (GB),4397
Savanella,4398
Gasparini (CZE),4399
Rex Of Thunder (GB),4400
Lávakő,4401
Majd Most,4402
Gengszter Boy (IRE),4403
Golden Puma (FR),4404
Zinaida (FR),4405
Amberta Foks (FR),4406
Fulminant,4407
Tundra,4408
Antoine,4409
Max Motion (IRE),4410
Szikra (SVK),4411
Global Boy (IRE),4412
Loch Swan (IRE),4413
Mammasita (IRE),4414
Ardennek (GB),4415
Morning Dew (GER),4416
Vieil Argent (GER),4417
Montgommery (FR),4418
Fawkes (GER),4419
Tamanrasset,4420
Viva Fritz (SVK),4421
Blue Wittelsbach (CZE),4422
Aranyifjú (IRE),4423
Moonfall (FR),4424
Jubileum Boy (FR),4425
Star of Adonis (IRE),4426
Angel Cross,4427
First Is Last,4428
To Catch A Thief (GB),4429
Amasova (USA),4430
Cheeky Boy (FR),4431
Custodian (FR),4432
Nojka M,4433
Cheverny (IRE),4434
Fight For Glory (FR),4435
Tonale (IRE),4436
Meláni I.A.,4437
Saint Empire (IRE),4438
D Day (GER),4439
San Sabina (IRE),4440
Montretout,4441
Rue Crebillon (FR),4442
Angel Vegas (SVN),4443
Eliot,4444
Grande Boy (IRE),4445
Campari Girl (IRE),4446
Flashing Lights,4447
Somlyó Szépe,4448
Maestro,4449
Breizh Star (FR),4450
Endless Sky,4451
Dear Choice (FR),4452
Montgomery,4453
Audley End,4454
Pinkie Pie Girl (IRE),4455
Bon Voyage (FR),4456
Tarqano (FR),4457
Remény (SVK),4458
Jamal (FR),4459
Upmann (GB),4460
Watergate (GER),4461
Polaris Dancer (IRE),4462
Portica (FR),4463
Haqawi (IRE),4464
Illyrian Lord (GB),4465
Mongyő,4466
Mrs Columbo,4467
Finchingfield,4468
Ring That Bell (IRE),4469
Neutrinos (GB),4470
CsászkáLó,4471
Shining Blade (GER),4472
Crystal Squeaky (IRE),4473
Panigale,4474
Keepcalmandsailon (GB),4475
Queen Lizzie (FR),4476
Tornado (SRB),4477
Dzsingisz Kan (IRE),4478
Vadali (IRE),4479
Another Sky,4480
Coloratura (FR),4481
Luxor,4482
Sweetie Belle (IRE),4483
Talgarreg,4484
Time Train (FR),4485
Pacific Cosmos (GB),4486
Szondi apródja,4487
Grátisz,4488
Boreas,4489
Troubadour Blue (IRE),4490
Bay King (IRE),4491
Fancy Girl (GER),4492
Time To Fly,4493
Trimley,4494
Randiguru,4495
My Kind of Way (GB),4496
Eddy the Eagle (GER),4497
Edergole's Lamont (FR),4498
Tai'Or (FR),4499
Power Lady (GER),4500
Tavaszi szél,4501
Bright Moon,4502
Baby Bourges (CZE),4503
Karazhal (IRE),4504
Whistle And Flute (IRE),4505
Magic Move (GB),4506
Rigolettos (FR),4507
New Hero (SRB),4508
Golden Mile,4509
Vivir Mi Vida (IRE),4510
Brocca Dubh (GB),4511
Diós Mákos,4512
Selyemút,4513
Bisfahana (GER),4514
Biloxi Boy (IRE),4515
Trail Hawk (GB),4516
Oriental Star (GER),4517
Sunset Ashram (FR),4518
Dschingis Poise (FR),4519
Angel Dance (FR),4520
Siecle d'Or,4521
Sunshine Glory (IRE),4522
Bombay Night (IRE),4523
Meerschatz (GER),4524
Freya,4525
Light of Angels (IRE),4526
Cherokee,4527
Hollywoodbaby (IRE),4528
Stella Blue (SVN),4529
Lucky Flag (IRE),4530
Rebenka,4531
Fit To Fiery,4532
The End,4533
Toldi (IRE),4534
J'Adore Mia (IRE),4535
Barssio (FR),4536
Oasis Diamond (FR),4537
Whisperwind (GER),4538
Grincs (IRE),4539
Marvelous (FR),4540
Dafke,4541
Shtasliveca (IRE),4542
Nazar (GER),4543
Angel From Above (SWE),4544
Parisian Chill,4545
Love Cross,4546
Lumier (FR),4547
Mr Maximus (FR),4548
Double Option (IRE),4549
King Cross,4550
Lady Goldy (IRE),4551
Zorina,4552
Amalfi,4553
CritizáLó,4554
Save The Soil (IRE),4555
Sant'Ambrogio (IRE),4556
Bonn Bonn (GER),4557
Chantilly (POL),4558
Scarpetta,4559
Stílus,4560
Loriot (GER),4561
Gaby (BIH),4562
Czafy (IRE),4563
Total Winner,4564
Snouckart (FR),4565
Duck Dance (FR),4566
Dancer Boy (IRE),4567
Dianabelle (IRE),4568
Capitano (FR),4569
Shootout (IRE),4570
Star Rock (FR),4571
Aphelie Light (FR),4572
Claymore (FR),4573
Kosakenzipfel (FR),4574
Boulevard Blanqui (FR),4575
Damino (GER),4576
Parisi Lady (FR),4577
Done Deal (FR),4578
Duke Of Meridian (IRE),4579
Motion (FR),4580
Second Love (IRE),4581
Szent Király,4582
Azur (FR),4583
Splending (IRE),4584
Álmos Vezér (IRE),4585
Lady O (FR),4586
Bónusz,4587
Xirius,4588
Naughty Angel (IRE),4589
Zarra (GER),4590
Candy Kiki (SRB),4591
Mascate,4592
Aranykor (FR),4593
Billionaire GT (CZE),4594
Soldier of Heaven (IRE),4595
Wamillo (GER),4596
Galvarino (SWI),4597
Dito (IRE),4598
Topaze Vendome (FR),4599
Deep Blue Sky (IRE),4600
Princess Hana (FR),4601
Gigant (FR),4602
Coloured Girl,4603
Ice,4604
Greenwater (IRE),4605
Katalin (FR),4606
Primadonna (FR),4607
Sidelined (IRE),4608
Mythiconor (IRE),4609
Near Monsun (GER),4610
Bumble Bee (GER),4611
Comanche Grey,4612
Pace of Rocker (IRE),4613
Szellő (SVK),4614
Eaphrodithea (IRE),4615
American Beauty (CZE),4616
Toosha (IRE),4617
Tullius,4618
Direktor (IRE),4619
Iowntheball (GB),4620
